DVB - Sports,"246,791",2019-12-07 22:19
,,
스트리머 사또,"4,433",2019-12-07 22:20
,,
맛있는 녀석들 (Tasty Guys),"4,626",2019-12-07 22:20
,,
YTN NEWS,"2,539",2019-12-07 22:20
,,
DVB - Sports,30974,2019-12-07 22:21
,,
김성룡 바둑랩,"4,798",2019-12-07 22:21
,,
신의두뇌- Bitcoin & Cryptocurrency,"4,808",2019-12-07 22:21
,,
유재일,"1,977",2019-12-07 22:22
,,
장추자,"1,346",2019-12-07 22:22
,,
인피쉰,"3,842",2019-12-07 22:22
,,
Cafe Music BGM channel,"11,590",2019-12-07 22:23
,,
KBS News,"2,243",2019-12-07 22:23
,,
정성산TV,"1,563",2019-12-07 22:24
,,
똘끼100%,"4,060",2019-12-07 22:24
,,
대도서관TV (buzzbean11),"1,562",2019-12-07 22:24
,,
방송 저격팀,"1,149",2019-12-07 22:25
,,
SBS DRAMAi CLASSIC,969,2019-12-07 22:25
,,
깝도이,"1,329",2019-12-07 22:26
,,
창현거리노래방KPOP COVER STREET KARAOKE,"5,511",2019-12-07 22:26
,,
연합뉴스TV,"1,270",2019-12-07 22:26
