너알아TV-,5753,2019-12-08 11:02
너알아TV-,10351,2019-12-08 11:29
너알아TV-,10462,2019-12-08 11:56
너알아TV-,12192,2019-12-08 12:23
너알아TV-,8695,2019-12-08 12:51
,,
,,
LCK,2676,2019-12-08 11:02
LCK,3738,2019-12-08 11:30
LCK,3221,2019-12-08 11:57
LCK,7471,2019-12-08 12:24
LCK,6099,2019-12-08 12:51
LCK,7916,2019-12-08 13:18
LCK,4895,2019-12-08 13:36
,,
YTN NEWS,3322,2019-12-08 11:02
YTN NEWS,3056,2019-12-08 11:30
YTN NEWS,2980,2019-12-08 11:57
YTN NEWS,3339,2019-12-08 12:26
YTN NEWS,3196,2019-12-08 12:53
YTN NEWS,3250,2019-12-08 13:21
YTN NEWS,2925,2019-12-08 13:38
,,
Cafe Music BGM channel,8290,2019-12-08 11:03
Cafe Music BGM channel,8082,2019-12-08 11:31
Cafe Music BGM channel,7883,2019-12-08 12:02
Cafe Music BGM channel,7638,2019-12-08 12:26
Cafe Music BGM channel,7592,2019-12-08 12:52
Cafe Music BGM channel,7397,2019-12-08 13:21
Cafe Music BGM channel,2496,2019-12-08 13:25
Cafe Music BGM channel,7342,2019-12-08 13:38
Cafe Music BGM channel,2471,2019-12-08 13:43
,,
,,
맛있는 녀석들 (Tasty Guys),3811,2019-12-08 11:03
맛있는 녀석들 (Tasty Guys),4050,2019-12-08 11:29
맛있는 녀석들 (Tasty Guys),4293,2019-12-08 11:57
맛있는 녀석들 (Tasty Guys),4416,2019-12-08 12:24
맛있는 녀석들 (Tasty Guys),4289,2019-12-08 12:52
맛있는 녀석들 (Tasty Guys),4580,2019-12-08 13:18
맛있는 녀석들 (Tasty Guys),4553,2019-12-08 13:36
,,
대안TV,1473,2019-12-08 11:30
대안TV,2573,2019-12-08 11:58
대안TV,3628,2019-12-08 12:25
대안TV,4588,2019-12-08 12:54
,,
,,
최인호TV,4473,2019-12-08 12:25
최인호TV,4841,2019-12-08 12:51
최인호TV,4336,2019-12-08 13:19
최인호TV,27119,2019-12-08 13:36
,,
샤코타임shacotime,1095,2019-12-08 12:25
샤코타임shacotime,1351,2019-12-08 12:53
샤코타임shacotime,905,2019-12-08 13:22
샤코타임shacotime,762,2019-12-08 13:40
,,
태극전사 TV,1776,2019-12-08 13:19
,,
박다솜DASOMTV,1717,2019-12-08 13:20
박다솜DASOMTV,1894,2019-12-08 13:37
,,
ぱく家(박가네),1532,2019-12-08 13:37
