,,,25
,,,70
,,,167
,,,10
,,,30
,,,89
,,,90
,,,15
,,,5
,,,60
,,,25
,,,5
,,,45
,,,5
,,,5
,,,40
,,,15
,,,5
,,,10
,,,30
,,,5
,,,8
,,,20
,,,5
,,,35
,,,5
,,,25
,,,45
,,,15
,,,55
,,,176
,,,5
,,,20
,,,100
,,,380
,,,80
,,,40
,,,100
,,,1283
,,,157
,,,190
,,,95
,,,1539
,,,229
,,,248
,,,131
,,,1042
,,,223
,,,212
,,,117
,,,692
,,,222
,,,207
,,,140
,,,545
,,,276
,,,202
,,,152
,,,574
,,,373
,,,242
,,,196
,,,812
,,,613
,,,320
,,,245
,,,1172
,,,1018
,,,465
,,,242
,,,1117
,,,1182
,,,449
,,,213
,,,658
,,,1019
,,,411
,,,139
,,,205
,,,819
,,,324
,,,92
,,,126
,,,672
,,,211
,,,75
,,,92
,,,339
,,,55
,,,20
,,,116
,,,207
,,,25
,,,30
,,,72
,,,125
,,,10
,,,15
,,,66
,,,75
,,,5
,,,5
,,,73
,,,5
,,,5
,,,63
,,,30
,,,5
,,,35
,,,5
,,,10
,,,30
,,,5
,,,5
,,,50
,,,10
,,,15
,,,70
,,,25
,,,10
,,,35
,,,205
,,,35
,,,20
,,,60
,,,406
,,,75
,,,115
,,,127
,,,1488
,,,165
,,,227
,,,115
,,,1662
,,,247
,,,261
,,,130
,,,1031
,,,256
,,,246
,,,150
,,,704
,,,247
,,,220
,,,127
,,,563
,,,249
,,,273
,,,149
,,,592
,,,385
,,,275
,,,238
,,,816
,,,722
,,,411
,,,303
,,,1265
,,,1266
,,,594
,,,293
,,,1226
,,,1253
,,,605
,,,234
,,,612
,,,1121
,,,449
,,,165
,,,209
,,,922
,,,355
,,,110
,,,136
,,,768
,,,202
,,,60
,,,116
,,,483
,,,80
,,,31
,,,98
,,,226
,,,5
,,,30
,,,97
,,,105
,,,20
,,,10
,,,91
,,,65
,,,15
,,,10
,,,65
,,,45
,,,5
,,,5
,,,60
,,,15
,,,10
,,,16
,,,50
,,,10
,,,5
,,,50
,,,10
,,,7
,,,30
,,,15
,,,90
,,,5
,,,5
,,,40
,,,216
,,,15
,,,65
,,,455
,,,65
,,,115
,,,150
,,,1551
,,,204
,,,200
,,,115
,,,1881
,,,294
,,,286
,,,75
,,,1100
,,,275
,,,224
,,,110
,,,680
,,,293
,,,196
,,,140
,,,596
,,,288
,,,245
,,,198
,,,592
,,,498
,,,283
,,,247
,,,860
,,,893
,,,411
,,,314
,,,1264
,,,1424
,,,484
,,,299
,,,1086
,,,1475
,,,493
,,,196
,,,561
,,,1049
,,,376
,,,158
,,,182
,,,944
,,,350
,,,86
,,,139
,,,694
,,,205
,,,60
,,,100
,,,478
,,,65
,,,37
,,,82
,,,210
,,,25
,,,40
,,,94
,,,95
,,,5
,,,15
,,,71
,,,40
,,,10
,,,15
,,,75
,,,40
,,,10
,,,5
,,,45
,,,15
,,,5
,,,45
,,,10
,,,5
,,,5
,,,46
,,,5
,,,5
,,,90
,,,15
,,,5
,,,56
,,,25
,,,5
,,,25
,,,180
,,,25
,,,20
,,,80
,,,473
,,,100
,,,90
,,,121
,,,1571
,,,208
,,,280
,,,130
,,,1838
,,,323
,,,313
,,,90
,,,1096
,,,231
,,,238
,,,115
,,,711
,,,265
,,,236
,,,146
,,,505
,,,309
,,,269
,,,178
,,,568
,,,436
,,,288
,,,231
,,,890
,,,802
,,,441
,,,323
,,,1428
,,,1400
,,,587
,,,292
,,,1184
,,,1497
,,,589
,,,233
,,,664
,,,1216
,,,471
,,,154
,,,217
,,,1021
,,,370
,,,125
,,,137
,,,767
,,,231
,,,75
,,,114
,,,439
,,,41
,,,20
,,,77
,,,245
,,,30
,,,40
,,,115
,,,116
,,,25
,,,35
,,,66
,,,70
,,,5
,,,30
,,,71
,,,35
,,,15
,,,5
,,,61
,,,40
,,,5
,,,15
,,,50
,,,25
,,,5
,,,51
,,,8
,,,60
,,,5
,,,5
,,,5
,,,85
,,,5
,,,45
,,,153
,,,35
,,,10
,,,65
,,,521
,,,110
,,,75
,,,158
,,,1778
,,,187
,,,253
,,,120
,,,1905
,,,288
,,,289
,,,100
,,,1162
,,,231
,,,271
,,,120
,,,685
,,,274
,,,240
,,,150
,,,600
,,,306
,,,230
,,,183
,,,615
,,,502
,,,307
,,,278
,,,907
,,,1002
,,,369
,,,417
,,,1433
,,,1896
,,,599
,,,418
,,,1472
,,,2108
,,,590
,,,307
,,,740
,,,1903
,,,543
,,,220
,,,238
,,,1683
,,,422
,,,154
,,,177
,,,1434
,,,311
,,,100
,,,124
,,,769
,,,92
,,,50
,,,110
,,,298
,,,30
,,,27
,,,137
,,,158
,,,15
,,,5
,,,113
,,,89
,,,5
,,,20
,,,54
,,,45
,,,5
,,,10
,,,83
,,,15
,,,5
,,,5
,,,68
,,,15
,,,5
,,,5
,,,45
,,,15
,,,5
,,,12
,,,60
,,,5
,,,10
,,,82
,,,20
,,,45
,,,196
,,,15
,,,10
,,,125
,,,516
,,,120
,,,92
,,,153
,,,1827
,,,226
,,,316
,,,174
,,,2388
,,,428
,,,421
,,,161
,,,1815
,,,398
,,,390
,,,174
,,,1172
,,,373
,,,373
,,,180
,,,772
,,,518
,,,314
,,,252
,,,761
,,,645
,,,350
,,,377
,,,1122
,,,1411
,,,528
,,,449
,,,1525
,,,1947
,,,753
,,,385
,,,1242
,,,1955
,,,659
,,,280
,,,678
,,,1534
,,,582
,,,225
,,,218
,,,1478
,,,478
,,,185
,,,135
,,,1150
,,,270
,,,80
,,,123
,,,706
,,,105
,,,45
,,,110
,,,280
,,,30
,,,40
,,,116
,,,146
,,,15
,,,5
,,,86
,,,70
,,,5
,,,75
,,,35
,,,5
,,,10
,,,55
,,,40
,,,5
,,,75
,,,25
,,,5
,,,55
,,,5
,,,75
,,,15
,,,5
,,,100
,,,15
,,,10
,,,5
,,,204
,,,35
,,,10
,,,65
,,,540
,,,95
,,,125
,,,127
,,,1557
,,,203
,,,310
,,,163
,,,1988
,,,364
,,,406
,,,130
,,,1623
,,,430
,,,405
,,,171
,,,1033
,,,404
,,,367
,,,95
,,,793
,,,502
,,,405
,,,241
,,,834
,,,921
,,,484
,,,355
,,,1325
,,,1584
,,,677
,,,386
,,,1446
,,,1928
,,,773
,,,288
,,,1150
,,,1621
,,,657
,,,192
,,,578
,,,1340
,,,505
,,,137
,,,184
,,,1087
,,,385
,,,105
,,,127
,,,765
,,,234
,,,65
,,,80
,,,361
,,,64
,,,35
,,,87
,,,166
,,,10
,,,20
,,,70
,,,90
,,,15
,,,71
,,,50
,,,5
,,,5
,,,52
,,,10
,,,15
,,,31
,,,5
,,,5
,,,30
,,,10
,,,15
,,,46
,,,10
,,,10
,,,40
,,,25
,,,80
,,,10
,,,10
,,,60
,,,202
,,,20
,,,70
,,,391
,,,85
,,,83
,,,145
,,,1272
,,,181
,,,212
,,,116
,,,1376
,,,213
,,,216
,,,105
,,,1026
,,,177
,,,177
,,,85
,,,688
,,,270
,,,203
,,,125
,,,516
,,,254
,,,192
,,,156
,,,581
,,,348
,,,254
,,,213
,,,695
,,,631
,,,369
,,,253
,,,1138
,,,1156
,,,462
,,,242
,,,980
,,,1212
,,,449
,,,212
,,,510
,,,985
,,,410
,,,182
,,,198
,,,790
,,,293
,,,95
,,,111
,,,629
,,,203
,,,70
,,,85
,,,409
,,,65
,,,45
,,,114
,,,238
,,,20
,,,35
,,,80
,,,138
,,,15
,,,70
,,,65
,,,10
,,,5
,,,66
,,,50
,,,5
,,,5
,,,70
,,,10
,,,10
,,,35
,,,5
,,,5
,,,15
,,,35
,,,10
,,,10
,,,58
,,,5
,,,10
,,,97
,,,35
,,,5
,,,35
,,,161
,,,30
,,,10
,,,110
,,,462
,,,130
,,,60
,,,127
,,,1354
,,,166
,,,219
,,,125
,,,1441
,,,267
,,,222
,,,100
,,,982
,,,257
,,,243
,,,135
,,,628
,,,260
,,,203
,,,145
,,,501
,,,307
,,,252
,,,180
,,,532
,,,486
,,,279
,,,206
,,,856
,,,841
,,,421
,,,272
,,,1198
,,,1420
,,,533
,,,300
,,,1020
,,,1440
,,,550
,,,171
,,,515
,,,1124
,,,414
,,,140
,,,231
,,,948
,,,362
,,,110
,,,108
,,,768
,,,214
,,,95
,,,106
,,,397
,,,51
,,,30
,,,110
,,,201
,,,15
,,,30
,,,89
,,,115
,,,15
,,,71
,,,65
,,,10
,,,15
,,,66
,,,40
,,,50
,,,15
,,,5
,,,10
,,,40
,,,5
,,,21
,,,30
,,,10
,,,5
,,,10
,,,45
,,,10
,,,95
,,,10
,,,30
,,,194
,,,20
,,,15
,,,60
,,,450
,,,75
,,,50
,,,140
,,,1350
,,,156
,,,212
,,,100
,,,1422
,,,215
,,,218
,,,110
,,,963
,,,241
,,,241
,,,120
,,,686
,,,246
,,,205
,,,140
,,,549
,,,311
,,,264
,,,161
,,,664
,,,513
,,,293
,,,247
,,,978
,,,949
,,,414
,,,352
,,,1390
,,,1628
,,,572
,,,362
,,,1233
,,,1735
,,,569
,,,227
,,,661
,,,1504
,,,414
,,,185
,,,264
,,,1190
,,,348
,,,140
,,,140
,,,942
,,,217
,,,75
,,,120
,,,461
,,,75
,,,30
,,,114
,,,231
,,,10
,,,30
,,,111
,,,135
,,,15
,,,25
,,,81
,,,65
,,,5
,,,15
,,,64
,,,45
,,,10
,,,10
,,,88
,,,5
,,,10
,,,25
,,,5
,,,9
,,,75
,,,5
,,,11
,,,55
,,,10
,,,5
,,,75
,,,5
,,,55
,,,146
,,,35
,,,5
,,,65
,,,426
,,,65
,,,70
,,,105
,,,1319
,,,162
,,,229
,,,135
,,,1427
,,,257
,,,237
,,,105
,,,931
,,,209
,,,238
,,,135
,,,615
,,,259
,,,262
,,,140
,,,544
,,,313
,,,260
,,,183
,,,575
,,,507
,,,302
,,,236
,,,892
,,,958
,,,449
,,,298
,,,1267
,,,1518
,,,670
,,,255
,,,1039
,,,1532
,,,588
,,,213
,,,500
,,,1132
,,,461
,,,145
,,,189
,,,1025
,,,357
,,,115
,,,156
,,,791
,,,219
,,,95
,,,114
,,,420
,,,76
,,,40
,,,102
,,,207
,,,40
,,,25
,,,98
,,,136
,,,10
,,,10
,,,65
,,,45
,,,25
,,,10
,,,53
,,,26
,,,15
,,,15
,,,65
,,,17
,,,15
,,,25
,,,20
,,,8
,,,65
,,,15
,,,6
,,,40
,,,15
,,,15
,,,65
,,,20
,,,10
,,,30
,,,183
,,,81
,,,35
,,,115
,,,453
,,,119
,,,150
,,,150
,,,1242
,,,222
,,,251
,,,146
,,,1361
,,,265
,,,284
,,,100
,,,949
,,,300
,,,266
,,,117
,,,656
,,,351
,,,218
,,,165
,,,503
,,,507
,,,272
,,,166
,,,547
,,,872
,,,281
,,,256
,,,784
,,,1976
,,,453
,,,410
,,,1101
,,,3059
,,,669
,,,368
,,,1050
,,,3139
,,,720
,,,263
,,,585
,,,2776
,,,566
,,,202
,,,246
,,,2395
,,,516
,,,142
,,,139
,,,1963
,,,319
,,,100
,,,125
,,,1118
,,,129
,,,36
,,,130
,,,379
,,,45
,,,25
,,,137
,,,191
,,,20
,,,30
,,,85
,,,88
,,,25
,,,58
,,,51
,,,5
,,,5
,,,70
,,,15
,,,5
,,,10
,,,55
,,,10
,,,10
,,,5
,,,60
,,,5
,,,5
,,,5
,,,70
,,,20
,,,5
,,,15
,,,88
,,,15
,,,5
,,,30
,,,203
,,,45
,,,25
,,,100
,,,473
,,,90
,,,150
,,,162
,,,1573
,,,248
,,,346
,,,164
,,,2076
,,,381
,,,496
,,,158
,,,1607
,,,413
,,,420
,,,148
,,,989
,,,421
,,,363
,,,159
,,,673
,,,480
,,,339
,,,215
,,,610
,,,670
,,,403
,,,313
,,,1009
,,,1181
,,,562
,,,375
,,,1307
,,,1741
,,,721
,,,272
,,,1110
,,,1710
,,,712
,,,224
,,,601
,,,1567
,,,643
,,,207
,,,219
,,,1373
,,,526
,,,160
,,,142
,,,1119
,,,324
,,,105
,,,129
,,,640
,,,93
,,,65
,,,127
,,,283
,,,20
,,,40
,,,80
,,,138
,,,10
,,,10
,,,85
,,,90
,,,15
,,,10
,,,66
,,,40
,,,5
,,,10
,,,55
,,,10
,,,5
,,,70
,,,10
,,,5
,,,5
,,,45
,,,10
,,,80
,,,5
,,,80
,,,5
,,,15
,,,189
,,,20
,,,50
,,,70
,,,533
,,,45
,,,131
,,,136
,,,1449
,,,213
,,,342
,,,136
,,,1871
,,,393
,,,433
,,,132
,,,1580
,,,404
,,,474
,,,106
,,,1062
,,,429
,,,430
,,,157
,,,804
,,,556
,,,469
,,,218
,,,880
,,,832
,,,586
,,,309
,,,1194
,,,1406
,,,730
,,,345
,,,1503
,,,1800
,,,895
,,,311
,,,1168
,,,1659
,,,783
,,,217
,,,579
,,,1239
,,,594
,,,156
,,,198
,,,1021
,,,474
,,,100
,,,164
,,,714
,,,199
,,,90
,,,97
,,,363
,,,77
,,,25
,,,75
,,,178
,,,35
,,,35
,,,68
,,,60
,,,15
,,,5
,,,87
,,,75
,,,10
,,,62
,,,45
,,,5
,,,5
,,,70
,,,11
,,,10
,,,40
,,,10
,,,11
,,,30
,,,5
,,,15
,,,45
,,,15
,,,20
,,,85
,,,25
,,,50
,,,175
,,,30
,,,15
,,,65
,,,440
,,,55
,,,70
,,,135
,,,1213
,,,150
,,,193
,,,110
,,,1283
,,,198
,,,219
,,,110
,,,993
,,,183
,,,207
,,,100
,,,697
,,,223
,,,224
,,,120
,,,600
,,,301
,,,256
,,,188
,,,695
,,,453
,,,304
,,,216
,,,919
,,,782
,,,360
,,,290
,,,1200
,,,1181
,,,517
,,,288
,,,986
,,,1182
,,,500
,,,212
,,,536
,,,960
,,,470
,,,161
,,,193
,,,810
,,,321
,,,150
,,,121
,,,681
,,,209
,,,50
,,,137
,,,453
,,,80
,,,20
,,,76
,,,211
,,,15
,,,15
,,,107
,,,110
,,,10
,,,20
,,,66
,,,30
,,,5
,,,10
,,,67
,,,25
,,,5
,,,58
,,,15
,,,15
,,,5
,,,55
,,,15
,,,10
,,,30
,,,5
,,,5
,,,11
,,,45
,,,10
,,,15
,,,60
,,,5
,,,5
,,,15
,,,163
,,,20
,,,15
,,,85
,,,498
,,,65
,,,91
,,,120
,,,1250
,,,140
,,,210
,,,156
,,,1383
,,,221
,,,189
,,,118
,,,934
,,,235
,,,206
,,,115
,,,609
,,,215
,,,212
,,,125
,,,524
,,,289
,,,254
,,,178
,,,557
,,,414
,,,297
,,,229
,,,862
,,,698
,,,386
,,,303
,,,1105
,,,1203
,,,511
,,,274
,,,944
,,,1317
,,,522
,,,206
,,,565
,,,1039
,,,413
,,,150
,,,203
,,,842
,,,353
,,,96
,,,128
,,,763
,,,209
,,,85
,,,88
,,,401
,,,50
,,,31
,,,98
,,,238
,,,30
,,,15
,,,71
,,,125
,,,5
,,,15
,,,74
,,,65
,,,5
,,,74
,,,30
,,,5
,,,10
,,,72
,,,15
,,,5
,,,20
,,,45
,,,15
,,,5
,,,50
,,,10
,,,10
,,,50
,,,15
,,,5
,,,10
,,,100
,,,20
,,,50
,,,197
,,,25
,,,15
,,,75
,,,410
,,,60
,,,90
,,,139
,,,1433
,,,137
,,,246
,,,122
,,,1461
,,,192
,,,234
,,,75
,,,928
,,,219
,,,256
,,,136
,,,653
,,,234
,,,221
,,,170
,,,646
,,,282
,,,233
,,,187
,,,576
,,,455
,,,281
,,,227
,,,882
,,,793
,,,401
,,,286
,,,1324
,,,1397
,,,596
,,,282
,,,1029
,,,1383
,,,534
,,,217
,,,574
,,,1080
,,,448
,,,151
,,,168
,,,921
,,,318
,,,125
,,,124
,,,747
,,,224
,,,65
,,,131
,,,426
,,,40
,,,50
,,,119
,,,204
,,,20
,,,41
,,,86
,,,138
,,,10
,,,20
,,,95
,,,70
,,,25
,,,20
,,,69
,,,35
,,,10
,,,5
,,,70
,,,15
,,,5
,,,55
,,,10
,,,10
,,,5
,,,50
,,,10
,,,16
,,,75
,,,5
,,,15
,,,55
,,,5
,,,10
,,,40
,,,152
,,,25
,,,25
,,,75
,,,469
,,,75
,,,100
,,,130
,,,1477
,,,145
,,,250
,,,115
,,,1597
,,,257
,,,271
,,,90
,,,1069
,,,252
,,,260
,,,110
,,,670
,,,258
,,,238
,,,114
,,,538
,,,286
,,,253
,,,160
,,,658
,,,447
,,,320
,,,239
,,,865
,,,837
,,,454
,,,375
,,,1330
,,,1410
,,,642
,,,274
,,,1253
,,,1450
,,,622
,,,213
,,,644
,,,1173
,,,487
,,,199
,,,212
,,,955
,,,377
,,,123
,,,125
,,,811
,,,212
,,,100
,,,105
,,,471
,,,82
,,,45
,,,109
,,,209
,,,25
,,,25
,,,87
,,,125
,,,15
,,,15
,,,114
,,,45
,,,15
,,,15
,,,80
,,,25
,,,10
,,,10
,,,55
,,,15
,,,6
,,,45
,,,5
,,,5
,,,5
,,,60
,,,12
,,,66
,,,10
,,,5
,,,10
,,,95
,,,5
,,,5
,,,40
,,,181
,,,55
,,,35
,,,100
,,,514
,,,70
,,,130
,,,110
,,,1818
,,,194
,,,280
,,,115
,,,1999
,,,287
,,,342
,,,143
,,,1177
,,,245
,,,243
,,,120
,,,715
,,,271
,,,249
,,,152
,,,575
,,,304
,,,251
,,,192
,,,613
,,,511
,,,326
,,,313
,,,918
,,,1048
,,,435
,,,407
,,,1426
,,,1852
,,,662
,,,404
,,,1287
,,,2255
,,,780
,,,311
,,,750
,,,1988
,,,600
,,,204
,,,255
,,,1750
,,,541
,,,168
,,,156
,,,1434
,,,283
,,,105
,,,99
,,,728
,,,85
,,,45
,,,106
,,,319
,,,35
,,,22
,,,114
,,,151
,,,15
,,,20
,,,113
,,,76
,,,15
,,,15
,,,73
,,,46
,,,10
,,,15
,,,85
,,,25
,,,10
,,,61
,,,20
,,,5
,,,51
,,,5
,,,15
,,,75
,,,25
,,,15
,,,86
,,,15
,,,5
,,,15
,,,192
,,,40
,,,15
,,,65
,,,537
,,,115
,,,130
,,,152
,,,1809
,,,224
,,,355
,,,209
,,,2213
,,,401
,,,502
,,,174
,,,1667
,,,367
,,,441
,,,132
,,,1093
,,,397
,,,372
,,,174
,,,784
,,,426
,,,335
,,,235
,,,733
,,,724
,,,415
,,,354
,,,1102
,,,1358
,,,660
,,,472
,,,1435
,,,1814
,,,762
,,,379
,,,1118
,,,1632
,,,713
,,,254
,,,651
,,,1469
,,,541
,,,230
,,,244
,,,1437
,,,529
,,,146
,,,131
,,,1205
,,,270
,,,115
,,,125
,,,713
,,,89
,,,70
,,,98
,,,277
,,,50
,,,15
,,,111
,,,126
,,,20
,,,10
,,,97
,,,75
,,,5
,,,92
,,,45
,,,5
,,,5
,,,70
,,,20
,,,5
,,,76
,,,25
,,,5
,,,5
,,,45
,,,15
,,,5
,,,55
,,,10
,,,10
,,,85
,,,20
,,,15
,,,199
,,,30
,,,20
,,,50
,,,481
,,,50
,,,101
,,,104
,,,1393
,,,199
,,,313
,,,186
,,,1970
,,,394
,,,461
,,,157
,,,1647
,,,364
,,,470
,,,155
,,,1116
,,,448
,,,368
,,,165
,,,821
,,,505
,,,469
,,,220
,,,813
,,,848
,,,566
,,,335
,,,1282
,,,1449
,,,693
,,,351
,,,1567
,,,1925
,,,892
,,,256
,,,1179
,,,1853
,,,763
,,,219
,,,540
,,,1387
,,,585
,,,152
,,,211
,,,1024
,,,403
,,,81
,,,148
,,,813
,,,236
,,,70
,,,107
,,,431
,,,45
,,,20
,,,81
,,,222
,,,15
,,,15
,,,70
,,,90
,,,10
,,,15
,,,40
,,,45
,,,10
,,,65
,,,25
,,,10
,,,10
,,,35
,,,10
,,,5
,,,25
,,,5
,,,5
,,,5
,,,30
,,,5
,,,12
,,,30
,,,5
,,,20
,,,70
,,,30
,,,10
,,,35
,,,193
,,,60
,,,20
,,,102
,,,476
,,,116
,,,80
,,,145
,,,1312
,,,209
,,,182
,,,120
,,,1473
,,,280
,,,234
,,,137
,,,1113
,,,326
,,,203
,,,131
,,,715
,,,306
,,,242
,,,116
,,,568
,,,349
,,,191
,,,181
,,,561
,,,703
,,,239
,,,241
,,,756
,,,1411
,,,337
,,,356
,,,1114
,,,2528
,,,458
,,,321
,,,1011
,,,2439
,,,491
,,,211
,,,515
,,,1899
,,,393
,,,160
,,,188
,,,1571
,,,341
,,,140
,,,120
,,,1050
,,,227
,,,70
,,,84
,,,519
,,,71
,,,25
,,,102
,,,233
,,,15
,,,30
,,,99
,,,112
,,,10
,,,30
,,,88
,,,80
,,,15
,,,25
,,,82
,,,60
,,,5
,,,5
,,,50
,,,15
,,,10
,,,38
,,,10
,,,5
,,,5
,,,66
,,,10
,,,11
,,,37
,,,5
,,,15
,,,70
,,,20
,,,25
,,,153
,,,35
,,,20
,,,80
,,,434
,,,90
,,,70
,,,146
,,,1510
,,,182
,,,222
,,,120
,,,1744
,,,244
,,,292
,,,100
,,,1165
,,,279
,,,217
,,,136
,,,703
,,,262
,,,206
,,,150
,,,549
,,,310
,,,277
,,,170
,,,555
,,,391
,,,285
,,,265
,,,772
,,,723
,,,406
,,,320
,,,1218
,,,1284
,,,520
,,,257
,,,1083
,,,1325
,,,545
,,,247
,,,565
,,,1024
,,,437
,,,158
,,,202
,,,939
,,,348
,,,120
,,,141
,,,766
,,,228
,,,95
,,,96
,,,468
,,,70
,,,49
,,,96
,,,203
,,,25
,,,25
,,,101
,,,90
,,,25
,,,15
,,,95
,,,55
,,,10
,,,10
,,,101
,,,20
,,,10
,,,72
,,,15
,,,5
,,,10
,,,50
,,,10
,,,10
,,,6
,,,45
,,,5
,,,15
,,,14
,,,50
,,,5
,,,20
,,,60
,,,30
,,,10
,,,35
,,,171
,,,20
,,,20
,,,85
,,,511
,,,80
,,,90
,,,135
,,,1670
,,,202
,,,258
,,,126
,,,1948
,,,277
,,,304
,,,100
,,,1239
,,,237
,,,248
,,,90
,,,757
,,,260
,,,223
,,,100
,,,565
,,,326
,,,241
,,,181
,,,581
,,,379
,,,290
,,,252
,,,860
,,,825
,,,355
,,,294
,,,1361
,,,1399
,,,565
,,,332
,,,1127
,,,1313
,,,545
,,,232
,,,537
,,,1074
,,,455
,,,179
,,,223
,,,986
,,,387
,,,141
,,,134
,,,888
,,,202
,,,90
,,,127
,,,451
,,,56
,,,70
,,,127
,,,243
,,,30
,,,25
,,,126
,,,130
,,,10
,,,25
,,,77
,,,50
,,,10
,,,5
,,,83
,,,30
,,,5
,,,5
,,,60
,,,20
,,,5
,,,50
,,,5
,,,5
,,,45
,,,5
,,,5
,,,55
,,,10
,,,10
,,,95
,,,15
,,,5
,,,20
,,,161
,,,35
,,,5
,,,95
,,,493
,,,65
,,,85
,,,155
,,,1607
,,,185
,,,305
,,,130
,,,2065
,,,308
,,,382
,,,126
,,,1419
,,,267
,,,282
,,,145
,,,756
,,,268
,,,259
,,,136
,,,585
,,,347
,,,282
,,,195
,,,702
,,,449
,,,343
,,,269
,,,1113
,,,925
,,,481
,,,389
,,,1421
,,,1545
,,,738
,,,325
,,,1278
,,,1692
,,,750
,,,262
,,,674
,,,1403
,,,493
,,,174
,,,252
,,,1218
,,,475
,,,127
,,,127
,,,869
,,,249
,,,100
,,,145
,,,545
,,,71
,,,45
,,,107
,,,259
,,,20
,,,40
,,,98
,,,117
,,,5
,,,20
,,,83
,,,105
,,,10
,,,10
,,,61
,,,30
,,,10
,,,10
,,,85
,,,20
,,,5
,,,5
,,,52
,,,10
,,,10
,,,40
,,,15
,,,5
,,,5
,,,70
,,,15
,,,10
,,,15
,,,111
,,,5
,,,5
,,,40
,,,184
,,,30
,,,30
,,,95
,,,648
,,,104
,,,95
,,,160
,,,2499
,,,206
,,,347
,,,135
,,,2712
,,,295
,,,408
,,,143
,,,1836
,,,289
,,,305
,,,132
,,,946
,,,300
,,,267
,,,155
,,,657
,,,373
,,,294
,,,231
,,,685
,,,512
,,,362
,,,309
,,,946
,,,1066
,,,462
,,,400
,,,1402
,,,1912
,,,802
,,,436
,,,1441
,,,2344
,,,739
,,,324
,,,783
,,,2067
,,,680
,,,232
,,,272
,,,1761
,,,548
,,,168
,,,153
,,,1427
,,,324
,,,132
,,,117
,,,805
,,,114
,,,65
,,,119
,,,305
,,,25
,,,30
,,,138
,,,170
,,,15
,,,30
,,,127
,,,85
,,,5
,,,10
,,,86
,,,40
,,,20
,,,15
,,,91
,,,32
,,,15
,,,5
,,,78
,,,15
,,,15
,,,60
,,,25
,,,5
,,,10
,,,51
,,,10
,,,30
,,,66
,,,25
,,,25
,,,182
,,,35
,,,15
,,,90
,,,535
,,,123
,,,130
,,,168
,,,1702
,,,186
,,,327
,,,214
,,,2223
,,,354
,,,436
,,,161
,,,1740
,,,337
,,,379
,,,135
,,,1124
,,,401
,,,375
,,,167
,,,766
,,,442
,,,330
,,,240
,,,786
,,,661
,,,423
,,,359
,,,1074
,,,1197
,,,570
,,,421
,,,1442
,,,1736
,,,678
,,,394
,,,1321
,,,1860
,,,699
,,,298
,,,693
,,,1617
,,,600
,,,218
,,,241
,,,1365
,,,472
,,,175
,,,172
,,,1196
,,,297
,,,115
,,,111
,,,733
,,,89
,,,50
,,,90
,,,278
,,,20
,,,40
,,,95
,,,138
,,,20
,,,10
,,,88
,,,45
,,,10
,,,5
,,,95
,,,70
,,,10
,,,10
,,,83
,,,25
,,,10
,,,61
,,,5
,,,10
,,,56
,,,10
,,,10
,,,5
,,,50
,,,5
,,,71
,,,20
,,,10
,,,25
,,,169
,,,15
,,,30
,,,50
,,,496
,,,90
,,,120
,,,159
,,,1672
,,,220
,,,318
,,,180
,,,2183
,,,417
,,,460
,,,187
,,,1804
,,,429
,,,528
,,,139
,,,1112
,,,440
,,,457
,,,214
,,,821
,,,648
,,,513
,,,209
,,,976
,,,972
,,,621
,,,389
,,,1547
,,,1843
,,,768
,,,365
,,,1674
,,,1932
,,,880
,,,256
,,,1231
,,,1710
,,,854
,,,214
,,,598
,,,1404
,,,622
,,,156
,,,218
,,,1181
,,,479
,,,116
,,,123
,,,887
,,,254
,,,85
,,,116
,,,459
,,,79
,,,25
,,,90
,,,211
,,,30
,,,10
,,,79
,,,122
,,,10
,,,15
,,,55
,,,45
,,,5
,,,50
,,,15
,,,51
,,,10
,,,5
,,,45
,,,5
,,,5
,,,35
,,,15
,,,5
,,,70
,,,10
,,,15
,,,75
,,,5
,,,5
,,,25
,,,156
,,,40
,,,10
,,,105
,,,418
,,,90
,,,95
,,,151
,,,1344
,,,174
,,,229
,,,155
,,,1701
,,,257
,,,322
,,,125
,,,1157
,,,219
,,,224
,,,125
,,,793
,,,222
,,,240
,,,126
,,,581
,,,278
,,,217
,,,164
,,,594
,,,389
,,,263
,,,229
,,,759
,,,631
,,,341
,,,296
,,,1143
,,,1135
,,,485
,,,247
,,,1107
,,,1311
,,,446
,,,212
,,,635
,,,1052
,,,375
,,,188
,,,210
,,,814
,,,327
,,,110
,,,146
,,,690
,,,238
,,,115
,,,135
,,,445
,,,80
,,,65
,,,115
,,,267
,,,30
,,,35
,,,102
,,,115
,,,10
,,,15
,,,110
,,,80
,,,15
,,,5
,,,65
,,,45
,,,5
,,,5
,,,77
,,,35
,,,10
,,,40
,,,5
,,,10
,,,6
,,,40
,,,5
,,,7
,,,35
,,,20
,,,15
,,,80
,,,15
,,,10
,,,30
,,,171
,,,25
,,,20
,,,85
,,,481
,,,86
,,,75
,,,126
,,,1662
,,,184
,,,305
,,,166
,,,1826
,,,308
,,,317
,,,120
,,,1251
,,,293
,,,263
,,,105
,,,820
,,,256
,,,250
,,,145
,,,594
,,,316
,,,280
,,,216
,,,606
,,,444
,,,296
,,,228
,,,865
,,,795
,,,422
,,,313
,,,1272
,,,1353
,,,590
,,,337
,,,1106
,,,1433
,,,590
,,,235
,,,585
,,,1160
,,,456
,,,167
,,,245
,,,1082
,,,359
,,,140
,,,122
,,,770
,,,242
,,,60
,,,124
,,,487
,,,75
,,,60
,,,111
,,,244
,,,15
,,,20
,,,140
,,,137
,,,10
,,,25
,,,103
,,,55
,,,5
,,,15
,,,96
,,,20
,,,5
,,,5
,,,66
,,,30
,,,10
,,,58
,,,15
,,,11
,,,45
,,,10
,,,5
,,,15
,,,50
,,,5
,,,10
,,,80
,,,5
,,,5
,,,55
,,,259
,,,40
,,,35
,,,85
,,,611
,,,105
,,,106
,,,135
,,,2065
,,,228
,,,359
,,,150
,,,2266
,,,307
,,,411
,,,110
,,,1560
,,,305
,,,334
,,,117
,,,913
,,,292
,,,367
,,,142
,,,671
,,,346
,,,404
,,,202
,,,718
,,,444
,,,511
,,,266
,,,1012
,,,899
,,,683
,,,382
,,,1413
,,,1436
,,,1040
,,,332
,,,1244
,,,1553
,,,918
,,,240
,,,670
,,,1329
,,,673
,,,185
,,,260
,,,1210
,,,466
,,,131
,,,137
,,,996
,,,279
,,,105
,,,117
,,,590
,,,83
,,,40
,,,134
,,,225
,,,40
,,,45
,,,102
,,,158
,,,15
,,,20
,,,107
,,,75
,,,10
,,,30
,,,83
,,,25
,,,10
,,,15
,,,75
,,,25
,,,25
,,,72
,,,5
,,,12
,,,63
,,,12
,,,50
,,,5
,,,5
,,,15
,,,90
,,,10
,,,5
,,,45
,,,222
,,,5
,,,15
,,,75
,,,535
,,,30
,,,126
,,,166
,,,1652
,,,198
,,,369
,,,115
,,,1970
,,,301
,,,382
,,,140
,,,1448
,,,284
,,,328
,,,130
,,,855
,,,245
,,,317
,,,130
,,,663
,,,316
,,,322
,,,155
,,,612
,,,454
,,,416
,,,260
,,,905
,,,806
,,,660
,,,392
,,,1247
,,,1488
,,,845
,,,314
,,,1242
,,,1502
,,,747
,,,225
,,,636
,,,1340
,,,649
,,,156
,,,278
,,,1054
,,,487
,,,156
,,,161
,,,873
,,,255
,,,97
,,,115
,,,508
,,,60
,,,65
,,,112
,,,248
,,,25
,,,35
,,,81
,,,122
,,,10
,,,15
,,,111
,,,90
,,,5
,,,15
,,,76
,,,25
,,,5
,,,10
,,,75
,,,25
,,,10
,,,62
,,,10
,,,5
,,,9
,,,40
,,,5
,,,13
,,,71
,,,15
,,,5
,,,15
,,,65
,,,10
,,,5
,,,35
,,,194
,,,25
,,,15
,,,85
,,,522
,,,90
,,,115
,,,160
,,,1813
,,,180
,,,286
,,,169
,,,2069
,,,301
,,,323
,,,121
,,,1536
,,,289
,,,258
,,,135
,,,883
,,,277
,,,258
,,,154
,,,650
,,,321
,,,280
,,,203
,,,606
,,,498
,,,331
,,,260
,,,878
,,,936
,,,409
,,,437
,,,1464
,,,1718
,,,640
,,,439
,,,1343
,,,1865
,,,666
,,,287
,,,674
,,,1701
,,,507
,,,223
,,,207
,,,1611
,,,432
,,,172
,,,166
,,,1251
,,,271
,,,127
,,,113
,,,782
,,,102
,,,35
,,,107
,,,320
,,,30
,,,25
,,,126
,,,163
,,,20
,,,26
,,,67
,,,115
,,,25
,,,10
,,,101
,,,78
,,,5
,,,10
,,,103
,,,30
,,,5
,,,5
,,,50
,,,15
,,,5
,,,5
,,,75
,,,15
,,,5
,,,5
,,,95
,,,5
,,,15
,,,5
,,,90
,,,25
,,,5
,,,20
,,,212
,,,30
,,,25
,,,70
,,,539
,,,90
,,,100
,,,177
,,,1818
,,,235
,,,304
,,,180
,,,2397
,,,401
,,,453
,,,190
,,,1808
,,,395
,,,410
,,,185
,,,1286
,,,415
,,,343
,,,181
,,,822
,,,504
,,,325
,,,233
,,,781
,,,801
,,,431
,,,357
,,,1167
,,,1254
,,,541
,,,459
,,,1575
,,,1807
,,,667
,,,408
,,,1429
,,,1815
,,,662
,,,333
,,,698
,,,1527
,,,582
,,,201
,,,243
,,,1376
,,,451
,,,151
,,,163
,,,1208
,,,299
,,,91
,,,114
,,,711
,,,99
,,,41
,,,114
,,,289
,,,35
,,,20
,,,115
,,,148
,,,10
,,,27
,,,80
,,,80
,,,5
,,,10
,,,75
,,,20
,,,30
,,,5
,,,66
,,,25
,,,5
,,,80
,,,5
,,,76
,,,15
,,,10
,,,70
,,,20
,,,5
,,,120
,,,15
,,,5
,,,15
,,,188
,,,22
,,,20
,,,70
,,,567
,,,85
,,,105
,,,155
,,,1604
,,,183
,,,305
,,,196
,,,2088
,,,381
,,,447
,,,175
,,,1689
,,,385
,,,437
,,,145
,,,1137
,,,403
,,,381
,,,151
,,,824
,,,538
,,,409
,,,246
,,,924
,,,826
,,,487
,,,412
,,,1496
,,,1566
,,,721
,,,437
,,,1751
,,,1893
,,,846
,,,328
,,,1305
,,,1691
,,,673
,,,233
,,,610
,,,1392
,,,593
,,,175
,,,174
,,,1081
,,,435
,,,135
,,,133
,,,808
,,,228
,,,75
,,,93
,,,440
,,,60
,,,35
,,,83
,,,197
,,,10
,,,5
,,,86
,,,105
,,,10
,,,10
,,,76
,,,35
,,,5
,,,67
,,,25
,,,5
,,,45
,,,5
,,,5
,,,5
,,,30
,,,5
,,,10
,,,40
,,,5
,,,5
,,,41
,,,15
,,,95
,,,30
,,,50
,,,168
,,,65
,,,20
,,,75
,,,494
,,,90
,,,70
,,,160
,,,1632
,,,168
,,,198
,,,136
,,,1978
,,,263
,,,271
,,,145
,,,1430
,,,254
,,,233
,,,127
,,,913
,,,258
,,,188
,,,85
,,,645
,,,314
,,,211
,,,190
,,,585
,,,391
,,,271
,,,213
,,,927
,,,681
,,,362
,,,305
,,,1255
,,,1285
,,,456
,,,284
,,,1158
,,,1300
,,,548
,,,195
,,,619
,,,1010
,,,390
,,,165
,,,236
,,,911
,,,349
,,,101
,,,129
,,,767
,,,226
,,,70
,,,147
,,,509
,,,75
,,,35
,,,102
,,,209
,,,5
,,,40
,,,79
,,,150
,,,5
,,,25
,,,80
,,,55
,,,15
,,,86
,,,10
,,,5
,,,5
,,,67
,,,5
,,,5
,,,10
,,,55
,,,5
,,,11
,,,46
,,,5
,,,5
,,,10
,,,50
,,,10
,,,75
,,,5
,,,30
,,,191
,,,45
,,,10
,,,90
,,,540
,,,85
,,,90
,,,119
,,,1790
,,,197
,,,242
,,,166
,,,1890
,,,249
,,,279
,,,120
,,,1278
,,,246
,,,271
,,,115
,,,806
,,,287
,,,245
,,,145
,,,570
,,,329
,,,226
,,,182
,,,564
,,,421
,,,243
,,,251
,,,909
,,,782
,,,368
,,,345
,,,1239
,,,1382
,,,573
,,,314
,,,1123
,,,1454
,,,554
,,,244
,,,607
,,,1318
,,,434
,,,166
,,,206
,,,951
,,,336
,,,111
,,,135
,,,844
,,,233
,,,100
,,,128
,,,490
,,,80
,,,35
,,,89
,,,233
,,,30
,,,25
,,,87
,,,105
,,,5
,,,15
,,,103
,,,45
,,,15
,,,15
,,,84
,,,25
,,,5
,,,5
,,,54
,,,5
,,,5
,,,15
,,,51
,,,15
,,,10
,,,5
,,,40
,,,15
,,,6
,,,65
,,,15
,,,5
,,,5
,,,80
,,,15
,,,10
,,,50
,,,198
,,,10
,,,30
,,,70
,,,541
,,,60
,,,95
,,,98
,,,1676
,,,179
,,,240
,,,101
,,,1827
,,,275
,,,355
,,,116
,,,1252
,,,269
,,,289
,,,115
,,,798
,,,265
,,,270
,,,133
,,,572
,,,333
,,,287
,,,166
,,,555
,,,441
,,,302
,,,280
,,,849
,,,754
,,,430
,,,304
,,,1154
,,,1398
,,,578
,,,341
,,,1107
,,,1396
,,,533
,,,230
,,,571
,,,1087
,,,461
,,,152
,,,196
,,,950
,,,367
,,,126
,,,132
,,,857
,,,217
,,,65
,,,106
,,,459
,,,50
,,,35
,,,82
,,,207
,,,25
,,,15
,,,87
,,,125
,,,15
,,,10
,,,66
,,,75
,,,5
,,,10
,,,57
,,,45
,,,5
,,,5
,,,61
,,,10
,,,11
,,,75
,,,10
,,,5
,,,11
,,,45
,,,5
,,,5
,,,20
,,,60
,,,15
,,,10
,,,72
,,,5
,,,10
,,,40
,,,202
,,,20
,,,20
,,,105
,,,528
,,,100
,,,80
,,,161
,,,1658
,,,193
,,,255
,,,152
,,,1859
,,,290
,,,270
,,,151
,,,1266
,,,312
,,,264
,,,125
,,,785
,,,266
,,,241
,,,135
,,,656
,,,314
,,,229
,,,191
,,,588
,,,417
,,,309
,,,227
,,,881
,,,812
,,,375
,,,318
,,,1259
,,,1406
,,,560
,,,297
,,,1216
,,,1505
,,,610
,,,263
,,,602
,,,1241
,,,527
,,,177
,,,222
,,,1031
,,,339
,,,135
,,,187
,,,852
,,,237
,,,50
,,,110
,,,468
,,,67
,,,30
,,,101
,,,223
,,,30
,,,10
,,,93
,,,110
,,,20
,,,98
,,,65
,,,15
,,,65
,,,20
,,,10
,,,5
,,,73
,,,10
,,,5
,,,5
,,,45
,,,5
,,,15
,,,7
,,,40
,,,5
,,,10
,,,45
,,,5
,,,15
,,,90
,,,15
,,,40
,,,170
,,,60
,,,15
,,,95
,,,557
,,,75
,,,120
,,,150
,,,1781
,,,259
,,,284
,,,133
,,,2045
,,,291
,,,336
,,,140
,,,1364
,,,298
,,,249
,,,130
,,,808
,,,260
,,,250
,,,152
,,,569
,,,332
,,,261
,,,200
,,,568
,,,478
,,,331
,,,276
,,,812
,,,925
,,,428
,,,393
,,,1295
,,,1799
,,,729
,,,438
,,,1281
,,,2013
,,,689
,,,287
,,,677
,,,1707
,,,511
,,,218
,,,279
,,,1555
,,,458
,,,145
,,,162
,,,1318
,,,273
,,,125
,,,116
,,,791
,,,94
,,,60
,,,118
,,,310
,,,35
,,,20
,,,101
,,,161
,,,10
,,,25
,,,100
,,,60
,,,10
,,,15
,,,80
,,,35
,,,5
,,,15
,,,71
,,,5
,,,5
,,,10
,,,86
,,,5
,,,5
,,,5
,,,65
,,,5
,,,13
,,,55
,,,5
,,,5
,,,20
,,,85
,,,25
,,,10
,,,40
,,,204
,,,30
,,,5
,,,95
,,,549
,,,70
,,,115
,,,158
,,,1874
,,,234
,,,267
,,,197
,,,2330
,,,417
,,,452
,,,142
,,,1824
,,,419
,,,436
,,,178
,,,1209
,,,413
,,,348
,,,185
,,,778
,,,463
,,,323
,,,253
,,,750
,,,756
,,,385
,,,369
,,,1098
,,,1416
,,,539
,,,471
,,,1564
,,,2042
,,,682
,,,401
,,,1206
,,,1863
,,,631
,,,303
,,,596
,,,1624
,,,573
,,,176
,,,249
,,,1443
,,,484
,,,150
,,,138
,,,1279
,,,280
,,,110
,,,110
,,,650
,,,109
,,,75
,,,85
,,,278
,,,25
,,,20
,,,88
,,,148
,,,15
,,,15
,,,95
,,,75
,,,5
,,,15
,,,96
,,,30
,,,5
,,,75
,,,10
,,,5
,,,5
,,,50
,,,5
,,,70
,,,70
,,,5
,,,10
,,,15
,,,85
,,,15
,,,5
,,,20
,,,168
,,,30
,,,25
,,,60
,,,467
,,,120
,,,125
,,,175
,,,1448
,,,282
,,,286
,,,204
,,,1882
,,,538
,,,439
,,,157
,,,1496
,,,494
,,,438
,,,184
,,,1002
,,,535
,,,366
,,,161
,,,786
,,,741
,,,365
,,,267
,,,859
,,,1448
,,,487
,,,432
,,,1425
,,,3546
,,,796
,,,409
,,,1655
,,,3554
,,,966
,,,356
,,,1122
,,,2677
,,,804
,,,263
,,,521
,,,2103
,,,573
,,,181
,,,167
,,,1595
,,,373
,,,120
,,,115
,,,1106
,,,235
,,,80
,,,115
,,,609
,,,71
,,,30
,,,101
,,,253
,,,20
,,,17
,,,85
,,,121
,,,15
,,,15
,,,68
,,,70
,,,5
,,,5
,,,50
,,,30
,,,10
,,,5
,,,55
,,,10
,,,5
,,,40
,,,5
,,,5
,,,5
,,,40
,,,5
,,,11
,,,65
,,,15
,,,105
,,,10
,,,10
,,,35
,,,199
,,,25
,,,15
,,,95
,,,498
,,,110
,,,85
,,,116
,,,1575
,,,161
,,,221
,,,145
,,,1729
,,,242
,,,291
,,,125
,,,1329
,,,259
,,,241
,,,135
,,,880
,,,289
,,,202
,,,115
,,,672
,,,253
,,,242
,,,170
,,,614
,,,423
,,,260
,,,229
,,,801
,,,691
,,,404
,,,282
,,,1179
,,,1230
,,,563
,,,323
,,,1033
,,,1235
,,,463
,,,232
,,,513
,,,975
,,,404
,,,153
,,,191
,,,933
,,,350
,,,150
,,,126
,,,840
,,,227
,,,60
,,,123
,,,468
,,,36
,,,50
,,,105
,,,199
,,,15
,,,25
,,,96
,,,97
,,,15
,,,16
,,,75
,,,50
,,,5
,,,26
,,,47
,,,15
,,,15
,,,54
,,,20
,,,5
,,,10
,,,55
,,,10
,,,5
,,,52
,,,5
,,,10
,,,45
,,,10
,,,15
,,,71
,,,15
,,,30
,,,174
,,,20
,,,30
,,,85
,,,510
,,,95
,,,65
,,,150
,,,1639
,,,166
,,,245
,,,123
,,,1763
,,,269
,,,328
,,,131
,,,1147
,,,253
,,,259
,,,135
,,,753
,,,243
,,,216
,,,165
,,,512
,,,321
,,,247
,,,196
,,,536
,,,421
,,,266
,,,214
,,,815
,,,784
,,,351
,,,316
,,,1181
,,,1256
,,,587
,,,324
,,,1072
,,,1366
,,,597
,,,228
,,,568
,,,1160
,,,492
,,,167
,,,235
,,,976
,,,386
,,,134
,,,114
,,,816
,,,217
,,,95
,,,105
,,,480
,,,63
,,,10
,,,120
,,,240
,,,35
,,,20
,,,104
,,,105
,,,15
,,,20
,,,72
,,,70
,,,5
,,,10
,,,80
,,,20
,,,5
,,,10
,,,70
,,,10
,,,5
,,,11
,,,67
,,,15
,,,5
,,,45
,,,10
,,,5
,,,10
,,,46
,,,5
,,,5
,,,5
,,,66
,,,25
,,,5
,,,40
,,,182
,,,45
,,,25
,,,100
,,,558
,,,110
,,,100
,,,135
,,,1822
,,,219
,,,265
,,,155
,,,1916
,,,255
,,,301
,,,125
,,,1293
,,,265
,,,265
,,,120
,,,740
,,,278
,,,216
,,,132
,,,564
,,,274
,,,263
,,,204
,,,628
,,,468
,,,292
,,,255
,,,924
,,,829
,,,397
,,,379
,,,1342
,,,1526
,,,574
,,,431
,,,1118
,,,1605
,,,625
,,,316
,,,624
,,,1522
,,,486
,,,261
,,,240
,,,1467
,,,406
,,,144
,,,155
,,,1285
,,,294
,,,105
,,,114
,,,727
,,,70
,,,65
,,,116
,,,314
,,,40
,,,25
,,,132
,,,165
,,,30
,,,10
,,,90
,,,85
,,,10
,,,5
,,,100
,,,35
,,,5
,,,15
,,,65
,,,35
,,,5
,,,10
,,,59
,,,5
,,,5
,,,5
,,,60
,,,15
,,,10
,,,10
,,,75
,,,5
,,,5
,,,95
,,,5
,,,5
,,,15
,,,183
,,,20
,,,15
,,,105
,,,501
,,,95
,,,70
,,,183
,,,2049
,,,213
,,,318
,,,195
,,,2639
,,,436
,,,461
,,,207
,,,2157
,,,463
,,,504
,,,153
,,,1320
,,,496
,,,434
,,,198
,,,851
,,,546
,,,380
,,,272
,,,849
,,,808
,,,459
,,,362
,,,1275
,,,1301
,,,675
,,,411
,,,1454
,,,1671
,,,688
,,,332
,,,1132
,,,1559
,,,706
,,,244
,,,537
,,,1243
,,,530
,,,193
,,,181
,,,1071
,,,400
,,,115
,,,131
,,,791
,,,239
,,,75
,,,120
,,,422
,,,89
,,,38
,,,124
,,,223
,,,20
,,,10
,,,108
,,,116
,,,10
,,,20
,,,85
,,,45
,,,15
,,,15
,,,51
,,,35
,,,10
,,,15
,,,51
,,,10
,,,5
,,,45
,,,5
,,,6
,,,45
,,,10
,,,5
,,,50
,,,25
,,,5
,,,20
,,,87
,,,25
,,,188
,,,45
,,,20
,,,90
,,,444
,,,95
,,,110
,,,114
,,,1499
,,,204
,,,236
,,,160
,,,1610
,,,267
,,,257
,,,110
,,,1122
,,,251
,,,227
,,,130
,,,723
,,,293
,,,229
,,,130
,,,533
,,,334
,,,276
,,,188
,,,590
,,,414
,,,297
,,,274
,,,792
,,,812
,,,396
,,,373
,,,1129
,,,1467
,,,620
,,,335
,,,1066
,,,1601
,,,618
,,,243
,,,565
,,,1359
,,,517
,,,180
,,,190
,,,1268
,,,409
,,,162
,,,129
,,,1250
,,,310
,,,80
,,,106
,,,672
,,,99
,,,40
,,,100
,,,246
,,,20
,,,35
,,,119
,,,135
,,,15
,,,25
,,,111
,,,86
,,,25
,,,15
,,,72
,,,35
,,,5
,,,15
,,,75
,,,20
,,,5
,,,57
,,,25
,,,5
,,,50
,,,10
,,,5
,,,5
,,,62
,,,10
,,,15
,,,100
,,,10
,,,5
,,,35
,,,185
,,,40
,,,20
,,,65
,,,450
,,,110
,,,120
,,,141
,,,1526
,,,201
,,,285
,,,162
,,,2044
,,,330
,,,402
,,,160
,,,1507
,,,342
,,,328
,,,130
,,,946
,,,376
,,,354
,,,146
,,,709
,,,421
,,,302
,,,223
,,,649
,,,709
,,,409
,,,326
,,,1078
,,,1166
,,,531
,,,391
,,,1232
,,,1689
,,,743
,,,333
,,,1057
,,,1744
,,,647
,,,251
,,,491
,,,1469
,,,516
,,,178
,,,162
,,,1260
,,,451
,,,153
,,,124
,,,1135
,,,302
,,,126
,,,123
,,,589
,,,80
,,,62
,,,86
,,,259
,,,25
,,,30
,,,119
,,,145
,,,20
,,,25
,,,85
,,,70
,,,10
,,,75
,,,45
,,,5
,,,75
,,,20
,,,75
,,,5
,,,5
,,,5
,,,60
,,,5
,,,5
,,,55
,,,15
,,,20
,,,95
,,,10
,,,15
,,,172
,,,10
,,,15
,,,55
,,,460
,,,65
,,,130
,,,130
,,,1472
,,,191
,,,292
,,,171
,,,1821
,,,395
,,,426
,,,142
,,,1462
,,,367
,,,391
,,,107
,,,999
,,,409
,,,362
,,,125
,,,767
,,,505
,,,361
,,,222
,,,760
,,,770
,,,512
,,,288
,,,1083
,,,1283
,,,664
,,,325
,,,1281
,,,1618
,,,767
,,,278
,,,1061
,,,1486
,,,707
,,,199
,,,482
,,,1210
,,,549
,,,145
,,,166
,,,899
,,,383
,,,115
,,,122
,,,665
,,,213
,,,65
,,,110
,,,339
,,,68
,,,35
,,,75
,,,210
,,,10
,,,30
,,,57
,,,95
,,,5
,,,15
,,,56
,,,20
,,,15
,,,47
,,,30
,,,5
,,,45
,,,10
,,,10
,,,30
,,,5
,,,7
,,,40
,,,10
,,,5
,,,56
,,,30
,,,80
,,,30
,,,172
,,,35
,,,25
,,,65
,,,456
,,,90
,,,75
,,,115
,,,1301
,,,160
,,,181
,,,130
,,,1407
,,,220
,,,240
,,,142
,,,1024
,,,261
,,,217
,,,105
,,,694
,,,215
,,,186
,,,145
,,,545
,,,266
,,,203
,,,153
,,,524
,,,415
,,,277
,,,200
,,,776
,,,604
,,,358
,,,250
,,,994
,,,1036
,,,453
,,,240
,,,1009
,,,1143
,,,472
,,,192
,,,468
,,,827
,,,383
,,,131
,,,202
,,,777
,,,289
,,,120
,,,99
,,,669
,,,210
,,,85
,,,99
,,,359
,,,35
,,,35
,,,105
,,,213
,,,20
,,,40
,,,83
,,,140
,,,20
,,,10
,,,70
,,,45
,,,10
,,,15
,,,82
,,,30
,,,5
,,,10
,,,50
,,,25
,,,10
,,,51
,,,10
,,,5
,,,30
,,,10
,,,17
,,,35
,,,10
,,,15
,,,60
,,,15
,,,30
,,,163
,,,25
,,,15
,,,75
,,,441
,,,90
,,,60
,,,132
,,,1442
,,,180
,,,206
,,,113
,,,1572
,,,223
,,,215
,,,145
,,,997
,,,246
,,,223
,,,105
,,,624
,,,195
,,,184
,,,125
,,,524
,,,277
,,,228
,,,184
,,,569
,,,450
,,,290
,,,224
,,,802
,,,750
,,,399
,,,305
,,,1102
,,,1314
,,,551
,,,254
,,,947
,,,1411
,,,518
,,,232
,,,524
,,,1026
,,,434
,,,160
,,,185
,,,977
,,,355
,,,96
,,,119
,,,718
,,,195
,,,85
,,,90
,,,343
,,,70
,,,50
,,,97
,,,219
,,,15
,,,20
,,,96
,,,115
,,,10
,,,20
,,,95
,,,50
,,,10
,,,10
,,,60
,,,30
,,,10
,,,5
,,,65
,,,25
,,,5
,,,5
,,,37
,,,15
,,,5
,,,5
,,,60
,,,15
,,,10
,,,55
,,,5
,,,10
,,,65
,,,5
,,,15
,,,167
,,,25
,,,75
,,,464
,,,60
,,,115
,,,150
,,,1414
,,,172
,,,235
,,,121
,,,1633
,,,231
,,,267
,,,115
,,,1006
,,,225
,,,247
,,,130
,,,649
,,,217
,,,217
,,,140
,,,517
,,,331
,,,248
,,,182
,,,565
,,,402
,,,310
,,,254
,,,872
,,,835
,,,420
,,,400
,,,1199
,,,1427
,,,654
,,,318
,,,1028
,,,1441
,,,550
,,,204
,,,528
,,,1155
,,,432
,,,165
,,,192
,,,996
,,,376
,,,127
,,,154
,,,770
,,,233
,,,55
,,,132
,,,429
,,,74
,,,38
,,,95
,,,227
,,,25
,,,20
,,,83
,,,128
,,,5
,,,15
,,,85
,,,75
,,,15
,,,15
,,,92
,,,35
,,,10
,,,80
,,,20
,,,10
,,,45
,,,15
,,,5
,,,5
,,,40
,,,5
,,,10
,,,12
,,,35
,,,10
,,,5
,,,5
,,,80
,,,10
,,,35
,,,201
,,,50
,,,20
,,,100
,,,483
,,,70
,,,110
,,,130
,,,1549
,,,185
,,,249
,,,111
,,,1612
,,,266
,,,295
,,,140
,,,1054
,,,243
,,,230
,,,136
,,,661
,,,195
,,,236
,,,130
,,,516
,,,270
,,,236
,,,128
,,,623
,,,445
,,,338
,,,247
,,,801
,,,701
,,,453
,,,333
,,,1173
,,,1344
,,,660
,,,273
,,,1085
,,,1399
,,,640
,,,210
,,,517
,,,987
,,,504
,,,195
,,,193
,,,917
,,,355
,,,135
,,,100
,,,789
,,,227
,,,85
,,,100
,,,405
,,,67
,,,25
,,,114
,,,239
,,,30
,,,50
,,,107
,,,122
,,,10
,,,15
,,,72
,,,60
,,,5
,,,5
,,,76
,,,35
,,,20
,,,10
,,,50
,,,20
,,,5
,,,61
,,,10
,,,10
,,,40
,,,10
,,,5
,,,35
,,,15
,,,5
,,,15
,,,87
,,,15
,,,15
,,,45
,,,185
,,,35
,,,20
,,,85
,,,491
,,,85
,,,80
,,,154
,,,1509
,,,193
,,,275
,,,146
,,,1692
,,,218
,,,249
,,,123
,,,1105
,,,192
,,,220
,,,131
,,,682
,,,257
,,,245
,,,145
,,,510
,,,354
,,,256
,,,185
,,,510
,,,535
,,,278
,,,242
,,,797
,,,976
,,,421
,,,354
,,,1206
,,,1628
,,,721
,,,386
,,,1185
,,,1938
,,,664
,,,252
,,,603
,,,1628
,,,583
,,,264
,,,236
,,,1591
,,,450
,,,121
,,,160
,,,1298
,,,332
,,,120
,,,120
,,,674
,,,107
,,,46
,,,115
,,,278
,,,40
,,,20
,,,99
,,,140
,,,20
,,,25
,,,105
,,,76
,,,15
,,,15
,,,77
,,,25
,,,10
,,,10
,,,57
,,,15
,,,10
,,,15
,,,53
,,,15
,,,10
,,,55
,,,5
,,,7
,,,75
,,,15
,,,10
,,,81
,,,15
,,,25
,,,155
,,,40
,,,5
,,,62
,,,415
,,,85
,,,110
,,,147
,,,1471
,,,242
,,,302
,,,169
,,,1854
,,,341
,,,390
,,,148
,,,1455
,,,385
,,,381
,,,136
,,,983
,,,346
,,,358
,,,178
,,,731
,,,462
,,,376
,,,235
,,,602
,,,769
,,,433
,,,337
,,,1018
,,,1265
,,,514
,,,399
,,,1305
,,,1806
,,,765
,,,353
,,,1097
,,,1707
,,,698
,,,275
,,,486
,,,1573
,,,599
,,,178
,,,211
,,,1397
,,,514
,,,180
,,,129
,,,1137
,,,285
,,,75
,,,121
,,,643
,,,97
,,,55
,,,123
,,,279
,,,25
,,,25
,,,90
,,,148
,,,15
,,,25
,,,85
,,,95
,,,10
,,,5
,,,80
,,,30
,,,10
,,,5
,,,60
,,,10
,,,5
,,,55
,,,10
,,,45
,,,5
,,,5
,,,5
,,,35
,,,5
,,,5
,,,10
,,,70
,,,10
,,,10
,,,5
,,,156
,,,10
,,,30
,,,20
,,,535
,,,80
,,,140
,,,150
,,,1443
,,,195
,,,330
,,,138
,,,1987
,,,393
,,,464
,,,185
,,,1539
,,,415
,,,464
,,,130
,,,992
,,,406
,,,453
,,,155
,,,758
,,,522
,,,405
,,,204
,,,793
,,,850
,,,501
,,,312
,,,1096
,,,1492
,,,691
,,,313
,,,1423
,,,1938
,,,809
,,,266
,,,1155
,,,1759
,,,712
,,,219
,,,484
,,,1220
,,,551
,,,178
,,,179
,,,952
,,,411
,,,75
,,,115
,,,707
,,,266
,,,55
,,,108
,,,362
,,,60
,,,25
,,,81
,,,179
,,,15
,,,40
,,,73
,,,85
,,,5
,,,10
,,,55
,,,40
,,,5
,,,15
,,,47
,,,30
,,,5
,,,50
,,,10
,,,5
,,,5
,,,35
,,,10
,,,5
,,,45
,,,5
,,,5
,,,40
,,,10
,,,55
,,,30
,,,25
,,,170
,,,20
,,,15
,,,55
,,,395
,,,75
,,,75
,,,116
,,,1250
,,,152
,,,223
,,,97
,,,1403
,,,237
,,,213
,,,125
,,,961
,,,184
,,,186
,,,103
,,,616
,,,206
,,,176
,,,110
,,,491
,,,265
,,,203
,,,174
,,,530
,,,389
,,,300
,,,210
,,,715
,,,628
,,,347
,,,270
,,,1002
,,,1198
,,,493
,,,261
,,,976
,,,1144
,,,471
,,,178
,,,427
,,,863
,,,331
,,,142
,,,172
,,,773
,,,316
,,,121
,,,133
,,,671
,,,214
,,,65
,,,87
,,,409
,,,40
,,,40
,,,94
,,,226
,,,30
,,,28
,,,96
,,,95
,,,15
,,,20
,,,80
,,,45
,,,10
,,,57
,,,15
,,,5
,,,5
,,,36
,,,15
,,,10
,,,10
,,,71
,,,15
,,,11
,,,80
,,,5
,,,11
,,,50
,,,15
,,,10
,,,60
,,,16
,,,30
,,,183
,,,15
,,,25
,,,85
,,,413
,,,75
,,,55
,,,145
,,,1294
,,,126
,,,194
,,,133
,,,1462
,,,202
,,,226
,,,100
,,,906
,,,202
,,,215
,,,85
,,,614
,,,207
,,,193
,,,126
,,,529
,,,259
,,,241
,,,178
,,,542
,,,413
,,,286
,,,240
,,,734
,,,761
,,,376
,,,273
,,,1062
,,,1261
,,,490
,,,271
,,,918
,,,1316
,,,496
,,,190
,,,469
,,,987
,,,347
,,,153
,,,179
,,,826
,,,330
,,,120
,,,113
,,,685
,,,233
,,,85
,,,120
,,,386
,,,65
,,,55
,,,111
,,,192
,,,25
,,,16
,,,72
,,,100
,,,17
,,,20
,,,68
,,,75
,,,10
,,,98
,,,45
,,,10
,,,10
,,,60
,,,20
,,,5
,,,16
,,,45
,,,5
,,,5
,,,50
,,,15
,,,10
,,,56
,,,15
,,,75
,,,10
,,,40
,,,159
,,,30
,,,15
,,,75
,,,405
,,,50
,,,105
,,,117
,,,1318
,,,167
,,,182
,,,105
,,,1380
,,,214
,,,224
,,,121
,,,916
,,,238
,,,216
,,,95
,,,632
,,,208
,,,222
,,,100
,,,482
,,,294
,,,238
,,,163
,,,612
,,,471
,,,267
,,,229
,,,851
,,,755
,,,353
,,,316
,,,1125
,,,1272
,,,569
,,,243
,,,1053
,,,1321
,,,525
,,,243
,,,472
,,,1105
,,,387
,,,176
,,,200
,,,958
,,,306
,,,101
,,,133
,,,754
,,,221
,,,70
,,,118
,,,400
,,,72
,,,65
,,,102
,,,205
,,,10
,,,20
,,,90
,,,85
,,,10
,,,35
,,,70
,,,30
,,,5
,,,15
,,,66
,,,30
,,,10
,,,97
,,,30
,,,10
,,,36
,,,10
,,,5
,,,32
,,,10
,,,10
,,,60
,,,15
,,,15
,,,63
,,,10
,,,25
,,,186
,,,30
,,,20
,,,120
,,,639
,,,85
,,,125
,,,155
,,,2706
,,,160
,,,270
,,,115
,,,2595
,,,255
,,,295
,,,120
,,,1482
,,,223
,,,228
,,,108
,,,709
,,,256
,,,228
,,,152
,,,491
,,,292
,,,267
,,,176
,,,637
,,,422
,,,354
,,,258
,,,910
,,,810
,,,427
,,,300
,,,1262
,,,1372
,,,610
,,,321
,,,1211
,,,1601
,,,554
,,,231
,,,614
,,,1189
,,,448
,,,151
,,,219
,,,1040
,,,383
,,,120
,,,137
,,,821
,,,221
,,,75
,,,99
,,,425
,,,88
,,,40
,,,114
,,,197
,,,25
,,,17
,,,100
,,,107
,,,10
,,,25
,,,70
,,,50
,,,5
,,,15
,,,58
,,,40
,,,5
,,,20
,,,52
,,,10
,,,5
,,,7
,,,45
,,,5
,,,7
,,,35
,,,15
,,,10
,,,48
,,,15
,,,5
,,,15
,,,75
,,,15
,,,10
,,,50
,,,189
,,,30
,,,10
,,,100
,,,461
,,,115
,,,102
,,,150
,,,1440
,,,173
,,,234
,,,140
,,,1500
,,,216
,,,286
,,,131
,,,1093
,,,224
,,,253
,,,105
,,,754
,,,251
,,,223
,,,135
,,,499
,,,351
,,,251
,,,219
,,,591
,,,590
,,,355
,,,273
,,,964
,,,979
,,,441
,,,352
,,,1180
,,,1767
,,,747
,,,406
,,,1207
,,,2006
,,,734
,,,272
,,,607
,,,1671
,,,570
,,,209
,,,220
,,,1557
,,,413
,,,151
,,,108
,,,1445
,,,332
,,,110
,,,138
,,,775
,,,102
,,,65
,,,116
,,,270
,,,25
,,,28
,,,108
,,,181
,,,15
,,,20
,,,108
,,,105
,,,10
,,,25
,,,82
,,,35
,,,10
,,,20
,,,56
,,,15
,,,5
,,,10
,,,70
,,,10
,,,5
,,,5
,,,40
,,,5
,,,10
,,,5
,,,59
,,,10
,,,10
,,,90
,,,5
,,,15
,,,187
,,,35
,,,5
,,,60
,,,490
,,,125
,,,90
,,,147
,,,1637
,,,195
,,,294
,,,161
,,,2077
,,,416
,,,422
,,,137
,,,1599
,,,392
,,,373
,,,132
,,,1067
,,,457
,,,351
,,,145
,,,674
,,,582
,,,363
,,,208
,,,626
,,,764
,,,382
,,,308
,,,1037
,,,1410
,,,559
,,,339
,,,1250
,,,1931
,,,750
,,,317
,,,1127
,,,2003
,,,800
,,,273
,,,531
,,,1500
,,,585
,,,201
,,,178
,,,1318
,,,476
,,,145
,,,116
,,,1175
,,,310
,,,100
,,,120
,,,658
,,,85
,,,71
,,,90
,,,245
,,,10
,,,45
,,,96
,,,165
,,,5
,,,20
,,,75
,,,80
,,,20
,,,10
,,,86
,,,45
,,,5
,,,5
,,,75
,,,20
,,,5
,,,60
,,,5
,,,55
,,,10
,,,75
,,,10
,,,20
,,,95
,,,5
,,,5
,,,10
,,,125
,,,15
,,,40
,,,55
,,,495
,,,75
,,,141
,,,152
,,,1484
,,,236
,,,335
,,,129
,,,1983
,,,390
,,,431
,,,140
,,,1549
,,,426
,,,426
,,,105
,,,940
,,,466
,,,397
,,,170
,,,737
,,,548
,,,402
,,,199
,,,791
,,,868
,,,495
,,,262
,,,1176
,,,1497
,,,699
,,,303
,,,1347
,,,1932
,,,818
,,,275
,,,1015
,,,1662
,,,739
,,,171
,,,469
,,,1094
,,,515
,,,157
,,,161
,,,821
,,,405
,,,102
,,,112
,,,627
,,,205
,,,65
,,,85
,,,406
,,,53
,,,16
,,,70
,,,207
,,,20
,,,30
,,,61
,,,81
,,,15
,,,15
,,,78
,,,30
,,,5
,,,5
,,,41
,,,20
,,,10
,,,30
,,,15
,,,12
,,,45
,,,5
,,,10
,,,31
,,,5
,,,12
,,,30
,,,15
,,,15
,,,51
,,,15
,,,35
,,,149
,,,15
,,,10
,,,95
,,,442
,,,70
,,,65
,,,150
,,,1168
,,,150
,,,176
,,,95
,,,1307
,,,186
,,,217
,,,95
,,,873
,,,210
,,,168
,,,101
,,,597
,,,202
,,,186
,,,107
,,,484
,,,225
,,,206
,,,196
,,,505
,,,354
,,,248
,,,215
,,,774
,,,591
,,,323
,,,273
,,,1010
,,,1012
,,,433
,,,227
,,,882
,,,1040
,,,456
,,,176
,,,467
,,,822
,,,344
,,,119
,,,175
,,,707
,,,341
,,,115
,,,106
,,,604
,,,189
,,,50
,,,76
,,,366
,,,55
,,,25
,,,87
,,,172
,,,5
,,,30
,,,71
,,,85
,,,5
,,,15
,,,91
,,,35
,,,5
,,,10
,,,71
,,,45
,,,10
,,,70
,,,15
,,,10
,,,50
,,,10
,,,5
,,,45
,,,5
,,,8
,,,51
,,,20
,,,15
,,,60
,,,10
,,,10
,,,35
,,,191
,,,40
,,,20
,,,65
,,,432
,,,75
,,,30
,,,130
,,,1315
,,,125
,,,205
,,,131
,,,1385
,,,184
,,,193
,,,85
,,,981
,,,197
,,,181
,,,70
,,,638
,,,213
,,,198
,,,120
,,,484
,,,296
,,,236
,,,154
,,,561
,,,406
,,,288
,,,234
,,,852
,,,703
,,,408
,,,276
,,,1190
,,,1255
,,,516
,,,323
,,,1079
,,,1333
,,,474
,,,188
,,,477
,,,1044
,,,418
,,,130
,,,216
,,,799
,,,318
,,,105
,,,110
,,,695
,,,221
,,,65
,,,75
,,,394
,,,40
,,,30
,,,99
,,,197
,,,15
,,,10
,,,95
,,,95
,,,5
,,,16
,,,95
,,,50
,,,10
,,,15
,,,92
,,,30
,,,5
,,,15
,,,75
,,,20
,,,5
,,,10
,,,40
,,,15
,,,5
,,,5
,,,60
,,,5
,,,11
,,,75
,,,5
,,,5
,,,15
,,,90
,,,10
,,,55
,,,162
,,,10
,,,90
,,,518
,,,75
,,,55
,,,130
,,,1896
,,,151
,,,223
,,,133
,,,1862
,,,227
,,,247
,,,150
,,,1169
,,,189
,,,185
,,,130
,,,710
,,,256
,,,222
,,,135
,,,566
,,,269
,,,245
,,,172
,,,589
,,,456
,,,307
,,,242
,,,956
,,,930
,,,427
,,,348
,,,1430
,,,1565
,,,624
,,,312
,,,1166
,,,1560
,,,578
,,,216
,,,541
,,,1122
,,,435
,,,177
,,,229
,,,1045
,,,335
,,,100
,,,130
,,,778
,,,212
,,,60
,,,102
,,,426
,,,55
,,,31
,,,123
,,,212
,,,35
,,,31
,,,84
,,,105
,,,15
,,,30
,,,78
,,,50
,,,15
,,,5
,,,71
,,,30
,,,10
,,,61
,,,20
,,,10
,,,63
,,,10
,,,15
,,,5
,,,55
,,,5
,,,5
,,,12
,,,85
,,,10
,,,5
,,,10
,,,76
,,,5
,,,5
,,,25
,,,198
,,,35
,,,5
,,,75
,,,436
,,,40
,,,65
,,,138
,,,1402
,,,182
,,,225
,,,128
,,,1410
,,,202
,,,232
,,,140
,,,1170
,,,218
,,,223
,,,128
,,,781
,,,256
,,,218
,,,159
,,,622
,,,355
,,,302
,,,245
,,,739
,,,554
,,,347
,,,287
,,,1063
,,,1000
,,,548
,,,339
,,,1389
,,,1489
,,,637
,,,281
,,,1167
,,,1540
,,,656
,,,183
,,,511
,,,1181
,,,480
,,,202
,,,196
,,,1110
,,,438
,,,126
,,,145
,,,1023
,,,255
,,,60
,,,110
,,,422
,,,65
,,,50
,,,106
,,,254
,,,10
,,,30
,,,115
,,,97
,,,10
,,,15
,,,89
,,,65
,,,10
,,,21
,,,74
,,,35
,,,10
,,,60
,,,15
,,,5
,,,10
,,,45
,,,15
,,,5
,,,45
,,,5
,,,10
,,,50
,,,15
,,,10
,,,80
,,,20
,,,35
,,,210
,,,30
,,,10
,,,95
,,,446
,,,115
,,,70
,,,161
,,,1368
,,,178
,,,224
,,,125
,,,1472
,,,230
,,,276
,,,120
,,,1029
,,,201
,,,243
,,,90
,,,682
,,,198
,,,256
,,,151
,,,560
,,,302
,,,291
,,,161
,,,609
,,,458
,,,331
,,,254
,,,955
,,,1078
,,,494
,,,382
,,,1295
,,,1733
,,,684
,,,375
,,,1193
,,,1994
,,,716
,,,270
,,,624
,,,1753
,,,593
,,,244
,,,216
,,,1751
,,,489
,,,181
,,,132
,,,1609
,,,292
,,,105
,,,124
,,,831
,,,107
,,,52
,,,104
,,,342
,,,30
,,,40
,,,109
,,,156
,,,10
,,,40
,,,90
,,,85
,,,10
,,,20
,,,91
,,,51
,,,11
,,,15
,,,56
,,,25
,,,10
,,,15
,,,63
,,,15
,,,5
,,,5
,,,50
,,,25
,,,5
,,,5
,,,80
,,,10
,,,102
,,,5
,,,10
,,,40
,,,208
,,,45
,,,20
,,,110
,,,549
,,,85
,,,150
,,,174
,,,1935
,,,235
,,,465
,,,176
,,,2319
,,,461
,,,617
,,,151
,,,1665
,,,494
,,,518
,,,153
,,,1072
,,,458
,,,437
,,,184
,,,701
,,,570
,,,462
,,,249
,,,788
,,,985
,,,544
,,,411
,,,1237
,,,1783
,,,776
,,,543
,,,1508
,,,2343
,,,971
,,,419
,,,1095
,,,2145
,,,1040
,,,256
,,,515
,,,1770
,,,779
,,,216
,,,206
,,,1573
,,,591
,,,192
,,,133
,,,1242
,,,331
,,,90
,,,108
,,,730
,,,93
,,,40
,,,111
,,,303
,,,35
,,,34
,,,85
,,,151
,,,25
,,,30
,,,72
,,,81
,,,10
,,,5
,,,60
,,,65
,,,10
,,,65
,,,35
,,,50
,,,5
,,,5
,,,65
,,,10
,,,5
,,,80
,,,5
,,,5
,,,15
,,,75
,,,15
,,,5
,,,5
,,,165
,,,30
,,,30
,,,75
,,,505
,,,50
,,,105
,,,126
,,,1434
,,,261
,,,308
,,,124
,,,2005
,,,384
,,,536
,,,176
,,,1469
,,,438
,,,480
,,,116
,,,983
,,,462
,,,407
,,,133
,,,758
,,,550
,,,447
,,,237
,,,754
,,,929
,,,513
,,,313
,,,1176
,,,1527
,,,735
,,,338
,,,1402
,,,1948
,,,831
,,,299
,,,987
,,,1696
,,,712
,,,170
,,,411
,,,1195
,,,492
,,,140
,,,172
,,,878
,,,382
,,,90
,,,113
,,,723
,,,220
,,,60
,,,97
,,,384
,,,70
,,,25
,,,81
,,,178
,,,15
,,,25
,,,46
,,,90
,,,10
,,,15
,,,73
,,,50
,,,10
,,,10
,,,57
,,,15
,,,10
,,,5
,,,40
,,,5
,,,10
,,,35
,,,10
,,,5
,,,20
,,,7
,,,27
,,,5
,,,18
,,,65
,,,5
,,,5
,,,40
,,,171
,,,20
,,,10
,,,75
,,,400
,,,75
,,,85
,,,150
,,,1224
,,,125
,,,195
,,,111
,,,1398
,,,168
,,,202
,,,110
,,,959
,,,222
,,,184
,,,110
,,,647
,,,222
,,,181
,,,135
,,,519
,,,270
,,,220
,,,130
,,,519
,,,363
,,,235
,,,212
,,,773
,,,583
,,,357
,,,296
,,,1089
,,,1066
,,,477
,,,293
,,,996
,,,1133
,,,513
,,,190
,,,534
,,,951
,,,338
,,,133
,,,195
,,,849
,,,349
,,,150
,,,125
,,,672
,,,209
,,,85
,,,82
,,,373
,,,70
,,,50
,,,95
,,,192
,,,35
,,,20
,,,81
,,,121
,,,5
,,,20
,,,97
,,,80
,,,15
,,,20
,,,72
,,,20
,,,5
,,,10
,,,81
,,,20
,,,5
,,,20
,,,50
,,,20
,,,5
,,,5
,,,50
,,,10
,,,5
,,,6
,,,53
,,,15
,,,5
,,,20
,,,67
,,,5
,,,5
,,,30
,,,196
,,,25
,,,10
,,,80
,,,521
,,,95
,,,55
,,,115
,,,1370
,,,171
,,,196
,,,127
,,,1511
,,,222
,,,209
,,,140
,,,1097
,,,207
,,,192
,,,110
,,,781
,,,233
,,,188
,,,134
,,,620
,,,298
,,,241
,,,172
,,,651
,,,476
,,,347
,,,273
,,,1106
,,,951
,,,389
,,,319
,,,1382
,,,1411
,,,562
,,,279
,,,1113
,,,1497
,,,625
,,,257
,,,571
,,,1182
,,,460
,,,180
,,,246
,,,1100
,,,410
,,,158
,,,167
,,,1188
,,,229
,,,95
,,,131
,,,535
,,,87
,,,45
,,,114
,,,264
,,,35
,,,20
,,,97
,,,138
,,,10
,,,20
,,,112
,,,70
,,,20
,,,10
,,,97
,,,35
,,,5
,,,10
,,,57
,,,17
,,,15
,,,61
,,,10
,,,5
,,,46
,,,20
,,,5
,,,13
,,,35
,,,20
,,,11
,,,101
,,,20
,,,5
,,,35
,,,193
,,,35
,,,45
,,,95
,,,461
,,,100
,,,110
,,,145
,,,1493
,,,179
,,,266
,,,139
,,,1666
,,,203
,,,305
,,,142
,,,1176
,,,223
,,,269
,,,137
,,,765
,,,263
,,,289
,,,155
,,,560
,,,351
,,,322
,,,158
,,,626
,,,484
,,,440
,,,254
,,,847
,,,879
,,,613
,,,342
,,,1244
,,,1462
,,,766
,,,361
,,,1165
,,,1471
,,,702
,,,266
,,,572
,,,1282
,,,585
,,,220
,,,241
,,,1273
,,,482
,,,130
,,,138
,,,1193
,,,268
,,,100
,,,133
,,,652
,,,90
,,,35
,,,116
,,,283
,,,25
,,,23
,,,109
,,,146
,,,30
,,,15
,,,105
,,,65
,,,15
,,,52
,,,50
,,,5
,,,5
,,,84
,,,10
,,,5
,,,11
,,,67
,,,5
,,,69
,,,10
,,,5
,,,44
,,,5
,,,5
,,,20
,,,50
,,,5
,,,5
,,,30
,,,133
,,,20
,,,15
,,,45
,,,299
,,,40
,,,65
,,,107
,,,807
,,,158
,,,211
,,,130
,,,1148
,,,252
,,,322
,,,125
,,,982
,,,263
,,,313
,,,140
,,,630
,,,312
,,,262
,,,107
,,,455
,,,342
,,,231
,,,157
,,,394
,,,506
,,,281
,,,226
,,,560
,,,680
,,,362
,,,209
,,,551
,,,878
,,,427
,,,190
,,,334
,,,945
,,,369
,,,149
,,,180
,,,874
,,,311
,,,76
,,,75
,,,718
,,,263
,,,60
,,,45
,,,601
,,,175
,,,35
,,,25
,,,405
,,,60
,,,15
,,,15
,,,174
,,,35
,,,20
,,,5
,,,101
,,,20
,,,16
,,,15
,,,60
,,,10
,,,20
,,,25
,,,10
,,,5
,,,5
,,,5
,,,5
,,,5
,,,5
,,,5
,,,15
,,,25
,,,5
,,,10
,,,10
,,,87
,,,30
,,,15
,,,29
,,,190
,,,55
,,,155
,,,50
,,,207
,,,158
,,,172
,,,100
,,,191
,,,170
,,,190
,,,70
,,,185
,,,209
,,,201
,,,65
,,,183
,,,254
,,,238
,,,83
,,,184
,,,347
,,,272
,,,161
,,,242
,,,554
,,,364
,,,160
,,,259
,,,795
,,,403
,,,162
,,,165
,,,822
,,,382
,,,100
,,,120
,,,720
,,,304
,,,60
,,,45
,,,646
,,,235
,,,50
,,,35
,,,507
,,,143
,,,45
,,,30
,,,330
,,,30
,,,22
,,,35
,,,193
,,,10
,,,16
,,,20
,,,101
,,,5
,,,55
,,,5
,,,20
,,,25
,,,5
,,,5
,,,5
,,,5
,,,5
,,,5
,,,5
,,,10
,,,5
,,,5
,,,15
,,,5
,,,15
,,,130
,,,15
,,,25
,,,40
,,,261
,,,50
,,,90
,,,133
,,,506
,,,172
,,,270
,,,121
,,,653
,,,328
,,,385
,,,141
,,,609
,,,326
,,,360
,,,148
,,,487
,,,381
,,,383
,,,114
,,,409
,,,468
,,,415
,,,178
,,,434
,,,700
,,,520
,,,229
,,,626
,,,1215
,,,620
,,,231
,,,607
,,,1449
,,,670
,,,216
,,,404
,,,1447
,,,658
,,,125
,,,235
,,,1228
,,,488
,,,116
,,,113
,,,1071
,,,395
,,,90
,,,78
,,,910
,,,277
,,,50
,,,70
,,,519
,,,82
,,,31
,,,66
,,,231
,,,10
,,,25
,,,48
,,,140
,,,5
,,,20
,,,40
,,,85
,,,5
,,,15
,,,35
,,,20
,,,5
,,,5
,,,25
,,,15
,,,40
,,,5
,,,20
,,,40
,,,20
,,,10
,,,75
,,,5
,,,15
,,,171
,,,15
,,,10
,,,85
,,,436
,,,45
,,,125
,,,110
,,,1155
,,,183
,,,313
,,,160
,,,1681
,,,358
,,,430
,,,105
,,,1341
,,,444
,,,447
,,,102
,,,881
,,,411
,,,452
,,,127
,,,696
,,,520
,,,430
,,,186
,,,703
,,,823
,,,485
,,,215
,,,1000
,,,1448
,,,607
,,,253
,,,1170
,,,1764
,,,846
,,,188
,,,881
,,,1619
,,,725
,,,167
,,,379
,,,1179
,,,491
,,,118
,,,164
,,,853
,,,347
,,,85
,,,91
,,,664
,,,252
,,,45
,,,101
,,,334
,,,45
,,,10
,,,67
,,,144
,,,10
,,,20
,,,55
,,,100
,,,10
,,,72
,,,60
,,,5
,,,10
,,,76
,,,20
,,,5
,,,50
,,,10
,,,5
,,,20
,,,9
,,,20
,,,10
,,,15
,,,45
,,,5
,,,25
,,,80
,,,10
,,,40
,,,157
,,,30
,,,15
,,,90
,,,411
,,,60
,,,70
,,,135
,,,1152
,,,140
,,,200
,,,70
,,,1217
,,,202
,,,197
,,,95
,,,918
,,,191
,,,198
,,,110
,,,620
,,,223
,,,188
,,,95
,,,513
,,,255
,,,245
,,,130
,,,537
,,,390
,,,234
,,,199
,,,800
,,,587
,,,299
,,,214
,,,1007
,,,1063
,,,455
,,,216
,,,880
,,,1069
,,,445
,,,150
,,,469
,,,811
,,,283
,,,126
,,,169
,,,711
,,,295
,,,60
,,,129
,,,618
,,,191
,,,70
,,,100
,,,376
,,,70
,,,30
,,,91
,,,198
,,,10
,,,20
,,,87
,,,95
,,,10
,,,20
,,,82
,,,40
,,,15
,,,15
,,,59
,,,5
,,,10
,,,5
,,,75
,,,5
,,,12
,,,40
,,,15
,,,5
,,,30
,,,5
,,,30
,,,5
,,,10
,,,20
,,,75
,,,10
,,,10
,,,40
,,,182
,,,25
,,,95
,,,454
,,,80
,,,80
,,,133
,,,1235
,,,130
,,,192
,,,85
,,,1281
,,,166
,,,198
,,,95
,,,897
,,,195
,,,183
,,,102
,,,619
,,,203
,,,175
,,,110
,,,452
,,,245
,,,189
,,,166
,,,562
,,,403
,,,244
,,,200
,,,771
,,,671
,,,310
,,,242
,,,1130
,,,1174
,,,478
,,,238
,,,918
,,,1243
,,,466
,,,185
,,,454
,,,819
,,,346
,,,154
,,,185
,,,751
,,,300
,,,121
,,,141
,,,729
,,,202
,,,75
,,,112
,,,378
,,,40
,,,40
,,,74
,,,217
,,,15
,,,28
,,,70
,,,137
,,,10
,,,20
,,,90
,,,45
,,,5
,,,25
,,,70
,,,20
,,,10
,,,70
,,,20
,,,10
,,,30
,,,15
,,,5
,,,40
,,,15
,,,5
,,,7
,,,35
,,,5
,,,5
,,,5
,,,95
,,,20
,,,45
,,,173
,,,30
,,,30
,,,70
,,,423
,,,85
,,,56
,,,120
,,,1323
,,,134
,,,193
,,,95
,,,1380
,,,238
,,,201
,,,135
,,,839
,,,234
,,,159
,,,150
,,,598
,,,230
,,,186
,,,117
,,,492
,,,298
,,,189
,,,156
,,,525
,,,449
,,,324
,,,222
,,,843
,,,753
,,,350
,,,258
,,,1145
,,,1355
,,,537
,,,294
,,,958
,,,1323
,,,494
,,,168
,,,449
,,,1003
,,,402
,,,127
,,,219
,,,812
,,,311
,,,115
,,,121
,,,681
,,,182
,,,55
,,,95
,,,393
,,,50
,,,35
,,,83
,,,220
,,,30
,,,25
,,,86
,,,135
,,,20
,,,15
,,,67
,,,65
,,,15
,,,5
,,,91
,,,40
,,,10
,,,60
,,,30
,,,10
,,,14
,,,50
,,,25
,,,5
,,,5
,,,25
,,,20
,,,5
,,,10
,,,45
,,,10
,,,5
,,,15
,,,65
,,,5
,,,5
,,,35
,,,177
,,,15
,,,5
,,,85
,,,399
,,,80
,,,55
,,,115
,,,1320
,,,175
,,,249
,,,87
,,,1346
,,,212
,,,211
,,,95
,,,884
,,,203
,,,210
,,,136
,,,604
,,,222
,,,200
,,,115
,,,475
,,,306
,,,245
,,,149
,,,544
,,,477
,,,297
,,,248
,,,817
,,,844
,,,360
,,,270
,,,1192
,,,1429
,,,603
,,,257
,,,908
,,,1405
,,,561
,,,203
,,,422
,,,1140
,,,480
,,,153
,,,185
,,,925
,,,354
,,,85
,,,77
,,,764
,,,214
,,,80
,,,105
,,,396
,,,50
,,,45
,,,95
,,,198
,,,20
,,,10
,,,76
,,,127
,,,10
,,,10
,,,71
,,,80
,,,15
,,,61
,,,40
,,,10
,,,64
,,,10
,,,10
,,,15
,,,45
,,,15
,,,5
,,,25
,,,10
,,,5
,,,5
,,,60
,,,15
,,,10
,,,75
,,,25
,,,35
,,,143
,,,40
,,,15
,,,75
,,,463
,,,85
,,,75
,,,100
,,,1334
,,,157
,,,222
,,,102
,,,1408
,,,202
,,,232
,,,90
,,,885
,,,244
,,,217
,,,80
,,,620
,,,254
,,,214
,,,145
,,,516
,,,372
,,,286
,,,173
,,,644
,,,608
,,,327
,,,278
,,,853
,,,1057
,,,484
,,,352
,,,1261
,,,1903
,,,667
,,,351
,,,1048
,,,2077
,,,686
,,,233
,,,548
,,,1734
,,,491
,,,189
,,,203
,,,1545
,,,438
,,,131
,,,123
,,,1538
,,,307
,,,120
,,,118
,,,820
,,,86
,,,50
,,,121
,,,290
,,,30
,,,35
,,,89
,,,147
,,,20
,,,30
,,,89
,,,87
,,,20
,,,25
,,,70
,,,55
,,,15
,,,65
,,,25
,,,10
,,,11
,,,55
,,,25
,,,5
,,,5
,,,70
,,,10
,,,5
,,,10
,,,54
,,,10
,,,5
,,,5
,,,65
,,,30
,,,25
,,,173
,,,25
,,,25
,,,80
,,,399
,,,115
,,,122
,,,131
,,,1446
,,,207
,,,288
,,,147
,,,2064
,,,378
,,,420
,,,140
,,,1632
,,,416
,,,403
,,,135
,,,1016
,,,449
,,,386
,,,177
,,,714
,,,560
,,,356
,,,204
,,,697
,,,859
,,,465
,,,327
,,,1069
,,,1658
,,,658
,,,414
,,,1370
,,,2176
,,,845
,,,309
,,,954
,,,1993
,,,686
,,,221
,,,404
,,,1556
,,,631
,,,197
,,,164
,,,1387
,,,440
,,,158
,,,154
,,,1203
,,,304
,,,85
,,,120
,,,720
,,,75
,,,55
,,,90
,,,318
,,,40
,,,25
,,,106
,,,165
,,,15
,,,20
,,,111
,,,96
,,,5
,,,15
,,,95
,,,40
,,,5
,,,5
,,,90
,,,35
,,,5
,,,52
,,,20
,,,5
,,,40
,,,5
,,,5
,,,5
,,,65
,,,10
,,,71
,,,20
,,,5
,,,168
,,,10
,,,25
,,,55
,,,493
,,,80
,,,131
,,,124
,,,1542
,,,198
,,,295
,,,186
,,,2045
,,,397
,,,490
,,,177
,,,1843
,,,456
,,,483
,,,140
,,,1185
,,,517
,,,449
,,,186
,,,885
,,,700
,,,463
,,,203
,,,896
,,,1012
,,,580
,,,343
,,,1465
,,,1778
,,,874
,,,343
,,,1627
,,,2163
,,,993
,,,263
,,,1078
,,,1898
,,,845
,,,171
,,,404
,,,1301
,,,518
,,,106
,,,165
,,,933
,,,438
,,,80
,,,100
,,,833
,,,263
,,,40
,,,86
,,,448
,,,73
,,,31
,,,59
,,,184
,,,10
,,,25
,,,74
,,,110
,,,10
,,,20
,,,50
,,,50
,,,15
,,,10
,,,56
,,,40
,,,5
,,,15
,,,30
,,,10
,,,10
,,,5
,,,41
,,,5
,,,40
,,,5
,,,5
,,,50
,,,5
,,,20
,,,50
,,,20
,,,40
,,,171
,,,20
,,,20
,,,95
,,,376
,,,60
,,,65
,,,140
,,,1120
,,,135
,,,172
,,,120
,,,1265
,,,224
,,,185
,,,85
,,,877
,,,179
,,,174
,,,92
,,,575
,,,246
,,,209
,,,110
,,,491
,,,264
,,,202
,,,150
,,,567
,,,405
,,,278
,,,190
,,,768
,,,644
,,,360
,,,262
,,,1132
,,,1154
,,,479
,,,253
,,,857
,,,1074
,,,421
,,,181
,,,408
,,,905
,,,370
,,,135
,,,160
,,,760
,,,341
,,,87
,,,138
,,,646
,,,234
,,,50
,,,101
,,,364
,,,55
,,,50
,,,112
,,,203
,,,20
,,,21
,,,131
,,,115
,,,10
,,,25
,,,73
,,,30
,,,10
,,,10
,,,70
,,,30
,,,10
,,,5
,,,65
,,,10
,,,5
,,,16
,,,47
,,,5
,,,5
,,,35
,,,15
,,,5
,,,15
,,,40
,,,5
,,,10
,,,45
,,,20
,,,50
,,,173
,,,20
,,,15
,,,85
,,,458
,,,70
,,,85
,,,127
,,,1354
,,,144
,,,237
,,,80
,,,1306
,,,218
,,,244
,,,90
,,,859
,,,248
,,,214
,,,120
,,,569
,,,226
,,,186
,,,125
,,,463
,,,301
,,,217
,,,160
,,,529
,,,443
,,,271
,,,212
,,,747
,,,761
,,,387
,,,253
,,,1126
,,,1391
,,,562
,,,266
,,,912
,,,1290
,,,517
,,,195
,,,437
,,,1067
,,,387
,,,141
,,,215
,,,805
,,,345
,,,135
,,,122
,,,751
,,,217
,,,80
,,,106
,,,401
,,,72
,,,75
,,,96
,,,183
,,,30
,,,25
,,,86
,,,111
,,,10
,,,15
,,,78
,,,55
,,,5
,,,10
,,,62
,,,25
,,,5
,,,20
,,,30
,,,25
,,,12
,,,45
,,,20
,,,7
,,,40
,,,10
,,,5
,,,5
,,,30
,,,20
,,,25
,,,67
,,,15
,,,5
,,,45
,,,177
,,,30
,,,5
,,,65
,,,432
,,,90
,,,80
,,,140
,,,1378
,,,166
,,,206
,,,110
,,,1401
,,,220
,,,236
,,,107
,,,957
,,,199
,,,199
,,,90
,,,614
,,,233
,,,203
,,,100
,,,538
,,,302
,,,234
,,,160
,,,606
,,,429
,,,299
,,,225
,,,885
,,,808
,,,409
,,,323
,,,1200
,,,1337
,,,563
,,,296
,,,981
,,,1400
,,,553
,,,198
,,,471
,,,1036
,,,412
,,,158
,,,216
,,,927
,,,304
,,,125
,,,126
,,,699
,,,258
,,,55
,,,102
,,,355
,,,75
,,,50
,,,95
,,,219
,,,15
,,,30
,,,75
,,,110
,,,15
,,,11
,,,84
,,,60
,,,5
,,,10
,,,60
,,,30
,,,5
,,,10
,,,70
,,,15
,,,10
,,,50
,,,10
,,,5
,,,31
,,,15
,,,50
,,,20
,,,25
,,,80
,,,15
,,,35
,,,173
,,,5
,,,10
,,,75
,,,445
,,,85
,,,75
,,,167
,,,1425
,,,155
,,,200
,,,90
,,,1434
,,,200
,,,224
,,,95
,,,953
,,,215
,,,197
,,,105
,,,616
,,,244
,,,193
,,,140
,,,479
,,,313
,,,254
,,,170
,,,595
,,,474
,,,313
,,,232
,,,879
,,,797
,,,404
,,,325
,,,1281
,,,1535
,,,659
,,,282
,,,952
,,,1338
,,,557
,,,196
,,,441
,,,1044
,,,400
,,,139
,,,187
,,,839
,,,329
,,,120
,,,126
,,,763
,,,246
,,,55
,,,129
,,,407
,,,70
,,,25
,,,80
,,,224
,,,25
,,,20
,,,113
,,,104
,,,15
,,,25
,,,108
,,,81
,,,10
,,,10
,,,75
,,,30
,,,5
,,,10
,,,40
,,,20
,,,5
,,,16
,,,35
,,,20
,,,5
,,,50
,,,10
,,,15
,,,55
,,,10
,,,10
,,,81
,,,5
,,,15
,,,30
,,,180
,,,40
,,,5
,,,100
,,,486
,,,107
,,,110
,,,131
,,,1488
,,,155
,,,253
,,,155
,,,1577
,,,245
,,,249
,,,75
,,,1022
,,,238
,,,251
,,,80
,,,632
,,,261
,,,182
,,,100
,,,531
,,,319
,,,278
,,,214
,,,611
,,,583
,,,277
,,,249
,,,833
,,,1039
,,,470
,,,351
,,,1236
,,,1864
,,,661
,,,311
,,,1022
,,,1934
,,,640
,,,244
,,,540
,,,1687
,,,527
,,,183
,,,203
,,,1520
,,,461
,,,152
,,,125
,,,1357
,,,296
,,,125
,,,156
,,,708
,,,91
,,,70
,,,104
,,,265
,,,40
,,,15
,,,117
,,,166
,,,25
,,,25
,,,93
,,,60
,,,10
,,,20
,,,86
,,,65
,,,10
,,,68
,,,31
,,,5
,,,10
,,,71
,,,20
,,,5
,,,40
,,,5
,,,5
,,,5
,,,28
,,,10
,,,15
,,,86
,,,15
,,,45
,,,180
,,,35
,,,15
,,,75
,,,494
,,,100
,,,122
,,,165
,,,1664
,,,256
,,,359
,,,175
,,,2170
,,,381
,,,405
,,,120
,,,1650
,,,481
,,,430
,,,140
,,,1060
,,,397
,,,321
,,,166
,,,691
,,,518
,,,311
,,,219
,,,681
,,,796
,,,349
,,,317
,,,1046
,,,1427
,,,554
,,,418
,,,1356
,,,2154
,,,725
,,,292
,,,971
,,,1888
,,,637
,,,273
,,,485
,,,1509
,,,543
,,,183
,,,180
,,,1376
,,,486
,,,150
,,,166
,,,1200
,,,288
,,,105
,,,97
,,,673
,,,100
,,,41
,,,100
,,,278
,,,20
,,,26
,,,65
,,,135
,,,15
,,,15
,,,80
,,,70
,,,15
,,,60
,,,40
,,,10
,,,5
,,,85
,,,20
,,,5
,,,5
,,,60
,,,45
,,,35
,,,70
,,,10
,,,15
,,,70
,,,5
,,,5
,,,198
,,,20
,,,50
,,,80
,,,461
,,,60
,,,115
,,,107
,,,1367
,,,247
,,,308
,,,132
,,,1924
,,,489
,,,458
,,,120
,,,1596
,,,555
,,,470
,,,130
,,,1024
,,,493
,,,367
,,,124
,,,762
,,,585
,,,409
,,,194
,,,705
,,,920
,,,460
,,,261
,,,1198
,,,1583
,,,652
,,,350
,,,1451
,,,2066
,,,809
,,,255
,,,896
,,,1663
,,,650
,,,148
,,,382
,,,1072
,,,475
,,,146
,,,186
,,,848
,,,366
,,,125
,,,153
,,,639
,,,215
,,,35
,,,92
,,,345
,,,78
,,,20
,,,88
,,,171
,,,20
,,,30
,,,80
,,,75
,,,5
,,,25
,,,60
,,,55
,,,10
,,,15
,,,35
,,,5
,,,15
,,,40
,,,15
,,,5
,,,5
,,,40
,,,10
,,,6
,,,25
,,,15
,,,5
,,,40
,,,15
,,,5
,,,20
,,,75
,,,5
,,,35
,,,155
,,,45
,,,15
,,,80
,,,440
,,,55
,,,55
,,,140
,,,1319
,,,170
,,,227
,,,130
,,,1420
,,,252
,,,244
,,,71
,,,976
,,,216
,,,207
,,,145
,,,638
,,,205
,,,205
,,,141
,,,537
,,,294
,,,225
,,,164
,,,526
,,,385
,,,269
,,,229
,,,849
,,,709
,,,350
,,,291
,,,1132
,,,1297
,,,491
,,,251
,,,910
,,,1142
,,,468
,,,200
,,,430
,,,896
,,,392
,,,155
,,,190
,,,822
,,,262
,,,126
,,,121
,,,609
,,,205
,,,65
,,,90
,,,392
,,,75
