맛있는 녀석들 (Tasty Guys),"5,113",2019-12-08 18:25
맛있는 녀석들 (Tasty Guys),"4,957",2019-12-08 18:56
맛있는 녀석들 (Tasty Guys),"4,948",2019-12-08 19:26
맛있는 녀석들 (Tasty Guys),"5,061",2019-12-08 19:57
맛있는 녀석들 (Tasty Guys),"5,207",2019-12-08 20:26
맛있는 녀석들 (Tasty Guys),"5,503",2019-12-08 20:55
,,
김문수TV,"4,596",2019-12-08 18:26
김문수TV,"7,843",2019-12-08 18:55
김문수TV,"8,029",2019-12-08 19:27
,,
문호준,"4,656",2019-12-08 18:26
문호준,"8,057",2019-12-08 18:58
문호준,"6,828",2019-12-08 19:30
문호준,"2,453",2019-12-08 21:02
,,
산적TV 밥굽남,"4,656",2019-12-08 18:27
산적TV 밥굽남,"8,057",2019-12-08 18:59
산적TV 밥굽남,"4,958",2019-12-08 19:27
산적TV 밥굽남,"3,691",2019-12-08 20:30
산적TV 밥굽남,"2,740",2019-12-08 20:59
,,
Cafe Music BGM channel,"7,946",2019-12-08 18:27
Cafe Music BGM channel,"8,050",2019-12-08 18:58
Cafe Music BGM channel,"8,020",2019-12-08 19:28
Cafe Music BGM channel,"8,085",2019-12-08 19:57
Cafe Music BGM channel,"7,987",2019-12-08 20:27
Cafe Music BGM channel,"7,855",2019-12-08 20:58
,,
스트리머 사또,"2,370",2019-12-08 18:56
스트리머 사또,"5,290",2019-12-08 19:26
스트리머 사또,"6,482",2019-12-08 19:56
스트리머 사또,"6,751",2019-12-08 20:26
스트리머 사또,"5,955",2019-12-08 20:57
,,
DVB - Sports,"10,771",2019-12-08 18:57
DVB - Sports,"10,771",2019-12-08 18:57
DVB - Sports,"92,948",2019-12-08 20:57
,,
YTN NEWS,"3,501",2019-12-08 18:57
YTN NEWS,"2,620",2019-12-08 19:31
YTN NEWS,"2,830",2019-12-08 19:58
YTN NEWS,"2,348",2019-12-08 20:31
YTN NEWS,"2,381",2019-12-08 20:58
,,
가로세로연구소,"12,105",2019-12-08 19:25
가로세로연구소,"17,547",2019-12-08 19:56
,,
김용호연예부장,"19,450",2019-12-08 20:25
,,
MBCNEWS,"12,361",2019-12-08 20:27
,,
인피쉰,"9,152",2019-12-08 20:55
,,
태극전사 TV,"1,854",2019-12-08 20:56
,,
애주가TV참PD,"1,835",2019-12-08 20:56
